date,pos,name,flag,score,diff,wld,eff,opps,aor
2025-07-29,1,Winner,US,825.6,+6.7,113/32/5,77.0,59,558.2
2025-07-29,2,sevenseas,GB,809.7,+2.6,72/10/1,87.3,55,381.7
2025-07-29,3,OVERL0RD,GR,808.5,+2.1,97/26/2,78.4,57,547.0
2025-07-29,4,Losermaker,AU,807.1,25,73/10/3,86.6,56,456.2
2025-07-29,5,Hielco,NL,734.9,3,20/9/1,68.3,20,566.9
2025-07-29,6,Hyperfocus,NL,686.5,2,42/7/0,85.7,37,335.8
2025-07-29,7,Napoleon 1er,CH,670.9,-17.9,67/19/4,76.7,51,439.8
2025-07-29,8,TrueAim,NL,656.2,25,24/4/0,85.7,25,392.3
2025-07-29,9,kamikaze,GB-SCT,646.0,2,201/97/6,67.1,80,497.2
2025-07-29,10,Maelstrom,CA,643.3,1,199/90/4,68.6,99,489.9
2025-07-29,11,tonylaw44,GR,639.2,+48.3,1102/371/10,74.6,247,355.4
2025-07-29,12,Sekertzis1973,GR,638.2,+24.9,516/170/19,74.5,174,452.2
2025-07-29,13,Eagle06,CH,624.6,+4.8,142/37/8,78.1,111,376.8
2025-07-29,14,gkaros,GR,620.6,+26.8,470/163/10,73.9,142,414.9
2025-07-29,15,Garulfo,NL,617.8,2,72/41/1,63.6,61,526.5
2025-07-29,16,Spion…,NL,613.9,9,22/10/0,68.8,26,471.5
2025-07-29,17,BFG,NL,610.5,13,35/19/0,64.8,39,495.2
2025-07-29,18,Samuel,GB,601.8,2,509/344/13,59.5,176,424.8
2025-07-29,19,Nemesis,US,596.5,+16.0,177/131/8,57.3,116,531.2
2025-07-29,20,Nikolakos,GR,586.0,8,109/80/1,57.6,86,511.9
2025-07-29,21,KingTubby,JM,584.2,-4.6,310/135/6,69.4,172,368.1
2025-07-29,22,Jenna Jameson,NL,581.7,+2.7,55/5/1,91.0,40,178.4
2025-07-29,23,Spartacus,NL,572.3,+1.1,71/23/3,74.7,50,356.0
2025-07-29,24,mvw,BE,570.2,5,26/5/0,83.9,28,227.6
2025-07-29,25,Marcy_Regina_Wu,US,568.9,10,9/6/0,60.0,10,619.7
2025-07-29,26,guibui,DE,565.6,+35.7,603/142/5,80.7,221,271.7
2025-07-29,27,Mirage,AU,564.2,4,266/148/5,64.1,117,498.2
2025-07-29,28,Akaboom,DE,562.7,1,332/194/8,62.9,159,399.5
2025-07-29,29,zach21,US,554.8,+22.1,170/105/6,61.6,77,475.7
2025-07-29,30,Skyfall,BE,550.5,+23.2,460/145/7,75.7,241,324.0
2025-07-29,31,Dullahan,CZ,541.9,5,14/6/0,70.0,16,354.2
2025-07-29,32,Don Mitsos,GR,540.5,+15.8,454/257/13,63.6,154,418.1
2025-07-29,33,SETTLER,TZ,534.9,+29.3,587/404/12,59.1,183,382.9
2025-07-29,34,EmbracingRacialUnity.org,US,534.5,+3.5,85/24/3,77.2,79,300.3
2025-07-29,35,panther65,DE,534.4,+8.1,21/14/1,59.7,27,421.4
2025-07-29,36,Frosty :),US,534.3,2,100/85/3,54.0,47,556.8
2025-07-29,37,banana_hammock,US,534.2,+11.9,472/220/19,67.7,200,338.8
2025-07-29,38,Karolus,PL,533.3,1,31/33/0,48.4,47,528.8
2025-07-29,39,PEACE,UA,533.0,2,1241/432/27,73.8,254,364.9
2025-07-29,40,Grizzlybear,DE,525.2,1,85/43/5,65.8,79,388.7
2025-07-29,41,Kanonenkeks,DE,519.4,+1.3,302/162/8,64.8,173,342.7
2025-07-29,42,Odo,NL,517.5,+6.8,151/92/5,61.9,126,337.2
2025-07-29,43,recar,US,514.5,2,122/46/6,71.8,51,329.1
2025-07-29,44,NoChance,DE,514.0,+0.9,14/7/0,66.7,20,371.9
2025-07-29,45,Stelios,GR,508.7,2,71/37/1,65.6,61,386.4
2025-07-29,46,Mastermind,ZZ,508.0,+3.9,288/260/12,52.5,146,439.3
2025-07-29,47,BARBARIANS,GI,503.6,+4.6,172/81/0,68.0,131,328.3
2025-07-29,48,roeczak,GR,503.6,12,14/14/0,50.0,22,508.3
2025-07-29,49,Lottorush,US,503.5,-13.6,887/389/18,69.2,217,370.4
2025-07-29,50,Kant,PG,500.7,8,18/12/2,59.4,27,371.4
2025-07-29,51,WTF,GR,497.2,+31.5,357/189/4,65.3,186,318.5
2025-07-29,52,Pericoperez,ES,497.1,19,64/49/2,56.5,70,419.8
2025-07-29,53,Donnafugata,IT,495.7,8,224/61/4,78.2,162,216.7
2025-07-29,54,mirmidonas,GR,494.3,7,120/39/1,75.3,69,235.9
2025-07-29,55,Atraf,IL,493.1,+14.2,352/194/1,64.4,157,360.0
2025-07-29,56,Nightwolf,NR,489.3,+13.3,576/168/26,76.5,228,280.4
2025-07-29,57,PokerFace,ZA,489.0,8,159/74/9,67.6,117,361.8
2025-07-29,58,BaronNr1,NL,488.0,10,78/42/10,63.8,75,348.4
2025-07-29,59,warlock,US,483.8,+30.5,177/91/9,65.5,98,422.5
2025-07-29,60,KARAISKAKIS,GR,483.2,15,9/3/1,73.1,13,428.1
2025-07-29,61,Kílí,AU,482.7,2,34/27/0,55.7,42,415.5
2025-07-29,62,Noobmeister,GR,481.7,+12.8,293/154/5,65.4,156,366.0
2025-07-29,63,Tomba,BE,481.1,2,29/10/0,74.4,32,241.8
2025-07-29,64,Henry domerkant,GR,478.0,1,336/204/15,61.9,136,455.6
2025-07-29,65,TobermoryX,GB,477.3,1,36/20/3,63.6,47,389.2
2025-07-29,66,411 Discipline,ZZ,473.7,+27.8,40/12/0,76.9,42,318.3
2025-07-29,67,Vertigo,ES,461.9,2,9/7/1,55.9,14,409.4
2025-07-29,68,Ides_Of_March_NC,US,460.0,8,25/9/1,72.9,28,284.7
2025-07-29,69,garlick,FR,459.3,3,190/209/8,47.7,106,485.2
2025-07-29,70,Jack,ZZ,456.0,+46.8,147/149/4,49.7,114,466.2
2025-07-29,71,an_album_cover,NZ,452.3,+6.1,100/54/0,64.9,106,309.9
2025-07-29,72,SIR_Bal,GR,446.9,8,15/15/0,50.0,21,439.3
2025-07-29,73,NavyJoe,US,446.2,22,239/127/5,65.1,181,301.2
2025-07-29,74,Marmal,NL,445.9,1,269/190/4,58.5,155,386.7
2025-07-29,75,Katama,NL,444.6,3,66/41/4,61.3,74,351.3
2025-07-29,76,ICANMAKEUFAMOUS,BF,444.5,1,32/16/0,66.7,39,319.2
2025-07-29,77,Wnehme,LB,444.1,-18.9,363/191/14,65.1,170,333.3
2025-07-29,78,everest,TC,442.8,1,288/314/14,47.9,165,440.0
2025-07-29,79,Unseen Hero,GR,440.9,-20.0,932/479/27,65.8,249,380.9
2025-07-29,80,Just4fun,ZW,440.3,3,36/15/2,69.8,41,261.0
2025-07-29,81,Kostass2506,GR,440.2,-8.2,302/263/18,53.3,141,467.2
2025-07-29,82,The Seventh Seal,US,438.3,1,124/66/2,65.1,104,315.8
2025-07-29,83,McReady,ES,437.5,+2.6,730/542/23,57.3,244,330.7
2025-07-29,84,Ollie,CA,436.7,+4.7,363/200/17,64.1,184,325.9
2025-07-29,85,gpet0,GR,435.9,-53.3,609/296/20,66.9,215,375.1
2025-07-29,86,Mantis,US,435.0,+26.5,260/222/0,53.9,172,355.8
2025-07-29,87,Rambo,AU,429.8,-33.6,341/222/7,60.4,181,338.9
2025-07-29,88,TheBlackDress,US,427.1,+29.2,173/116/5,59.7,143,309.4
2025-07-29,89,morias,GR,425.2,-7.4,88/67/3,56.6,95,337.2
2025-07-29,90,ruined_creature,MX,423.8,+21.6,636/465/16,57.7,225,358.6
2025-07-29,91,crusader,GR,423.1,-3.7,345/247/15,58.1,207,346.9
2025-07-29,92,skeptikistis,GR,421.1,4,33/25/0,56.9,45,368.2
2025-07-29,93,Leppie,BE,420.2,7,13/11/1,54.0,23,388.2
2025-07-29,94,Panter,CZ,417.9,-15.6,77/50/6,60.2,83,366.1
2025-07-29,95,Lord Invader,US,413.2,28,12/6/0,66.7,15,272.1
2025-07-29,96,Pieter,NL,412.0,1,134/92/3,59.2,119,337.7
2025-07-29,97,Mr PEP,GP,410.3,7,101/86/1,54.0,106,328.8
2025-07-29,98,Murazor,ES,409.0,10,6/6/0,50.0,12,369.9
2025-07-29,99,theos,GR,407.7,-3.7,38/23/1,62.1,46,298.3
2025-07-29,100,Nyxtas,GR,405.8,-55.3,115/83/1,58.0,116,395.0
2025-07-29,101,IKnowThingsGood,US,404.9,-13.0,181/135/1,57.3,144,324.7
2025-07-29,102,Andreas94,GR,402.9,-25.0,173/171/4,50.3,132,415.7
2025-07-29,103,GORLAMI,ZZ,402.1,-13.0,394/278/33,58.2,201,305.4
2025-07-29,104,Ghostzapper,US,401.7,3,294/128/10,69.2,165,281.5
2025-07-29,105,tymewiz,US,401.5,13,112/97/0,53.6,107,319.7
2025-07-29,106,PowerHamster,NL,399.7,7,48/42/5,53.2,57,361.4
2025-07-29,107,Jossy,DE,396.5,+0.3,87/77/7,52.9,90,334.4
2025-07-29,108,Matt,FR,396.4,-1.4,574/519/6,52.5,216,426.9
2025-07-29,109,Jerry,US,396.2,-3.5,162/141/3,53.4,139,328.8
2025-07-29,110,match angler,GR,389.6,-24.5,339/279/2,54.8,179,342.0
2025-07-29,111,ChristianF,US,389.1,5,43/38/5,52.9,64,393.3
2025-07-29,112,FGP_,GR,385.4,+7.9,169/116/2,59.2,137,297.6
2025-07-29,113,Strategos,NL,382.3,-58.9,195/145/4,57.3,151,321.2
2025-07-29,114,green panther,AT,382.1,21,8/10/0,44.4,18,411.2
2025-07-29,115,knickles,US,380.2,-10.8,187/79/9,69.6,124,269.3
2025-07-29,116,SmokingGun,SY,379.9,+23.4,175/175/3,50.0,156,315.0
2025-07-29,117,Lord Vader,US,379.3,-51.1,403/350/9,53.5,193,345.8
2025-07-29,118,Chainsaw Man,IE,378.5,+9.9,969/843/24,53.4,253,299.4
2025-07-29,119,PHAETHON,GR,377.6,-2.7,96/84/13,53.1,104,374.9
2025-07-29,120,olafthueringer,DE,375.5,21,31/22/0,58.5,46,297.3
2025-07-29,121,Späher,DE,374.8,1,37/30/4,54.9,58,348.8
2025-07-29,122,Jovo,IT,372.1,+30.1,72/62/2,53.7,88,319.2
2025-07-29,123,last_shadow,DE,370.0,1,211/168/6,55.6,154,323.0
2025-07-29,124,Yo mamas,BA,369.3,19,27/22/0,55.1,44,362.6
2025-07-29,125,HazMate14,AU,368.3,-15.5,137/114/4,54.5,119,364.4
2025-07-29,126,Ron,CY,366.8,5,42/36/3,53.7,57,355.8
2025-07-29,127,Bejita-sama,BE,366.5,17,220/213/4,50.8,185,304.5
2025-07-29,128,HrTaschenbier,DE,366.4,1,156/162/13,49.1,145,309.9
2025-07-29,129,Tomjonas,VA,365.6,+12.4,243/246/4,49.7,186,316.3
2025-07-29,130,Tasos.kaps,GR,363.3,-20.4,125/86/4,59.1,119,351.4
2025-07-29,131,AmazingGeorges,CA,362.2,1,291/261/12,52.7,176,355.5
2025-07-29,132,Coyote,AR,361.9,-28.0,55/46/1,54.4,65,351.0
2025-07-29,133,CORNERFLAGLEFT,ZZ,361.6,-63.5,221/172/3,56.2,141,356.2
2025-07-29,134,Archimedes,US,361.3,8,26/21/0,55.3,34,310.6
2025-07-29,135,MacyTheBlackCAT,US,360.0,+24.6,532/519/27,50.6,233,344.3
2025-07-29,136,BIGBOOM,US,357.8,-7.7,49/36/1,57.6,57,290.7
2025-07-29,137,JIREN,PE,356.9,-0.2,334/377/15,47.0,180,430.7
2025-07-29,138,Unflagged,ZZ,355.9,1,83/82/8,50.3,96,335.7
2025-07-29,139,Bad Milo,NL,355.6,20,53/65/2,45.0,80,393.3
2025-07-29,140,Eise the Great,NL,353.4,+6.4,74/59/1,55.6,83,291.7
2025-07-29,141,Pizza70 wow,IT,347.4,-0.7,534/526/10,50.4,229,285.6
2025-07-29,142,Roger Oncemore II,DE,345.4,+4.0,96/84/6,53.2,105,364.7
2025-07-29,143,nigrita222,GR,340.6,-2.0,47/50/6,48.5,69,357.2
2025-07-29,144,count floyd,IT,339.2,-3.3,124/174/7,41.8,96,438.7
2025-07-29,145,tepechimilpa,ZZ,329.4,-32.8,27/17/0,61.4,37,303.3
2025-07-29,146,WICKED LESTER,US,326.5,+28.5,134/152/5,46.9,143,311.7
2025-07-29,147,DAG1105,CL,326.1,+42.4,458/406/4,53.0,196,313.1
2025-07-29,148,bobstack,US,323.1,-1.6,53/37/3,58.6,73,223.3
2025-07-29,149,Rexxxer,NL,321.6,+35.1,209/250/1,45.5,164,286.4
2025-07-29,150,skl,ZZ,320.8,+17.8,335/227/2,59.6,169,257.1
2025-07-29,151,schnobi,CH,319.2,-7.0,384/507/16,43.2,227,340.0
2025-07-29,152,fungio,ZZ,318.0,+17.2,163/164/4,49.8,146,309.0
2025-07-29,153,Swordfish,US,317.7,2,138/131/2,51.3,118,327.3
2025-07-29,154,KarnaVNP,SR,317.3,+8.6,9/13/0,40.9,21,344.8
2025-07-29,155,Dimitrisp,GR,316.5,+31.0,110/103/2,51.6,121,289.6
2025-07-29,156,gin_toxic,BE,316.4,2,14/15/1,48.3,29,338.3
2025-07-29,157,player-mag,BE,314.7,22,14/5/0,73.7,17,190.4
2025-07-29,158,OZZZY,CA,312.9,-1.2,62/63/8,49.6,68,313.0
2025-07-29,159,jackie,US,312.1,-42.6,1023/854/15,54.5,274,329.7
2025-07-29,160,Petra,US,311.4,13,4/12/2,27.8,16,392.7
2025-07-29,161,Biber1,DE,311.2,11,26/23/1,53.0,42,282.4
2025-07-29,162,aaron5000,US,311.1,1,53/55/1,49.1,72,270.8
2025-07-29,163,Do Not Panic@,NL,308.9,-21.6,336/375/20,47.3,200,352.2
2025-07-29,164,Dokimos12,GR,304.0,+12.4,155/208/4,42.8,148,346.3
2025-07-29,165,Thanathos,IT,303.7,+12.7,389/336/2,53.6,199,299.4
2025-07-29,166,ijs,NL,303.3,2,33/39/0,45.8,56,288.9
2025-07-29,167,TemplateRex,NL,303.1,5,34/26/0,56.7,42,253.1
2025-07-29,168,Isi,GR,300.9,+14.2,109/194/2,36.1,134,346.2
2025-07-29,169,Noscope420,US,300.8,10,13/8/0,61.9,18,290.3
2025-07-29,170,Tilor,US,297.7,+2.6,140/122/11,53.3,122,303.9
2025-07-29,171,Colinbbost,GR,297.3,11,60/61/11,49.6,90,299.9
2025-07-29,172,floki,BE,297.1,-6.0,79/100/2,44.2,101,345.3
2025-07-29,173,FelixG,MX,292.9,-10.4,103/106/0,49.3,116,329.0
2025-07-29,174,Goldeneyes,HU,292.5,+19.3,131/126/2,51.0,138,305.4
2025-07-29,175,dindo,MT,292.4,+11.3,399/362/15,52.4,223,309.2
2025-07-29,176,Nikiforos Fokas,GR,291.0,-38.6,292/357/4,45.0,213,346.9
2025-07-29,177,Simply The Best,US,290.9,3,141/118/2,54.4,130,279.0
2025-07-29,178,Pepicio,ES,290.3,+19.6,55/63/0,46.6,60,304.4
2025-07-29,179,Commish,US,287.4,-12.1,388/403/8,49.1,212,318.0
2025-07-29,180,thdeu,US,287.1,+15.6,177/152/2,53.8,138,293.1
2025-07-29,181,Timmy,GB,284.6,-62.6,135/123/6,52.3,128,326.1
2025-07-29,182,LSR70,BE,284.5,-18.5,547/564/42,49.3,230,340.1
2025-07-29,183,anthoula,IS,281.3,-6.9,42/51/2,45.3,72,285.1
2025-07-29,184,Nickie,BE,280.3,5,11/12/0,47.8,22,245.9
2025-07-29,185,johnkord,GR,277.6,23,22/24/0,47.8,39,288.9
2025-07-29,186,Lord Darth invader,FR,274.6,27,7/8/0,46.7,13,361.6
2025-07-29,187,Jack*Of*Trades,US,273.8,-3.9,248/293/2,45.9,182,286.3
2025-07-29,188,Tooney13!,SB,273.4,+5.0,164/174/7,48.6,149,281.8
2025-07-29,189,johnny d,GR,272.0,+18.6,490/553/16,47.0,252,296.3
2025-07-29,190,GIANNIS P.,GR,271.4,-4.2,42/52/2,44.8,73,297.4
2025-07-29,191,joeli,DE,271.0,7,68/80/2,46.0,90,334.4
2025-07-29,192,Cat-hunter,US,270.9,-63.7,403/367/21,52.3,222,296.7
2025-07-29,193,alkisagg,CA,269.4,3,139/190/0,42.2,153,287.3
2025-07-29,194,Kranevitter,NL,269.3,-30.5,279/263/19,51.4,196,312.7
2025-07-29,195,CWJ,ZZ,269.2,-30.9,164/171/3,49.0,148,295.4
2025-07-29,196,Kloppo09,DE,269.0,+43.1,61/93/3,39.8,89,324.7
2025-07-29,197,Venom,US,267.0,1,284/296/2,49.0,151,305.3
2025-07-29,198,hakster,ZZ,266.1,20,142/193/5,42.5,141,289.5
2025-07-29,199,BRUHEGUS911,RU,263.5,+14.7,68/143/3,32.5,98,286.7
2025-07-29,200,dyrson,BR,263.2,-49.6,342/458/8,42.8,229,312.6
2025-07-29,201,chouine,CA,260.9,+13.5,10/5/0,66.7,15,307.7
2025-07-29,202,TheKing,BE,256.9,1,44/57/4,43.8,73,310.0
2025-07-29,203,Dirk Drent,ZZ,255.8,6,19/21/0,47.5,30,291.4
2025-07-29,204,FBI,AU,255.4,-7.9,206/307/6,40.3,188,266.7
2025-07-29,205,theoneandonly,ZZ,255.1,-6.6,208/243/8,46.2,173,272.5
2025-07-29,206,ironman,BE,252.8,-6.9,62/67/8,48.2,77,286.6
2025-07-29,207,Miss Aida,US,252.3,-28.3,292/257/8,53.1,181,222.3
2025-07-29,208,T Kościuszko,PL,250.9,1,63/52/3,54.7,78,236.5
2025-07-29,209,RadicalLibre,DO,250.6,+6.2,141/168/5,45.7,125,246.1
2025-07-29,210,dalee,GR,248.6,3,14/24/0,36.8,31,316.6
2025-07-29,211,philchillas,ZZ,248.5,+16.7,173/225/2,43.5,170,305.3
2025-07-29,212,Bratwurst,DE,246.4,8,7/8/0,46.7,13,376.7
2025-07-29,213,VelvetLucky13,NU,244.5,6,35/46/6,43.7,59,297.1
2025-07-29,214,Gecko,CA,243.3,1,12/10/1,54.3,18,246.5
2025-07-29,215,1976Diamonds,GR,241.6,-5.3,111/131/2,45.9,103,299.9
2025-07-29,216,Zman,US,239.6,+4.7,53/90/1,37.2,95,306.1
2025-07-29,217,jaxr,AW,238.9,-8.1,39/56/0,41.1,71,290.7
2025-07-29,218,TheSweetieMan,US,237.2,-4.7,127/175/5,42.2,162,317.7
2025-07-29,219,Grobu,GB,235.7,+13.8,80/200/0,28.6,125,304.9
2025-07-29,220,Dunk90,US,233.7,-13.1,226/281/1,44.6,150,299.1
2025-07-29,221,Darth Lord,US,233.3,+10.3,18/14/0,56.3,24,163.7
2025-07-29,222,(umdisclosed),ZZ,232.0,27,58/77/0,43.0,86,314.8
2025-07-29,223,ajax,NL,231.8,-3.7,123/170/5,42.1,130,302.1
2025-07-29,224,ConKord,GR,230.1,+3.4,595/611/15,49.3,255,274.9
2025-07-29,225,johnk1970,GR,227.3,6,11/21/1,34.8,27,376.4
2025-07-29,226,Sicosi25,PA,224.9,+0.6,156/230/2,40.5,164,309.8
2025-07-29,227,Knightsnake,US,224.4,1,8/6/0,57.1,14,191.9
2025-07-29,228,Joker,LU,221.4,+44.2,458/682/24,40.4,242,266.3
2025-07-29,229,artav,US,217.9,-53.5,151/156/2,49.2,136,300.3
2025-07-29,230,Ready Player One,US,216.8,+24.6,142/264/2,35.0,153,306.2
2025-07-29,231,balou,BE,215.7,-0.1,149/207/4,41.9,159,233.7
2025-07-29,232,Virtual Hero,BE,215.4,7,137/194/1,41.4,178,294.2
2025-07-29,233,Smiley,NL,213.5,+7.9,31/37/1,45.7,55,258.6
2025-07-29,234,cycy17,BE,212.8,-26.4,123/214/1,36.5,167,322.3
2025-07-29,235,Sober_Killer,US,211.3,1,60/87/0,40.8,88,333.5
2025-07-29,236,Winxii,MT,209.6,28,13/10/0,56.5,22,259.5
2025-07-29,237,player-mgk,BE,208.3,26,31/50/2,38.6,58,312.3
2025-07-29,238,Homer,ES,207.1,4,49/63/3,43.9,78,296.5
2025-07-29,239,Moneymaker,US,206.4,-16.8,120/118/0,50.4,127,236.8
2025-07-29,240,Cannon,UA,205.9,1,446/851/20,34.6,256,339.9
2025-07-29,241,Redeyes,GR,205.9,+14.1,224/403/8,35.9,203,299.7
2025-07-29,242,MagezuficA,BA,205.6,-14.7,445/844/11,34.7,261,320.4
2025-07-29,243,Playerr007,ZZ,205.4,4,13/7/0,65.0,16,192.9
2025-07-29,244,SKOOGLE,IS,204.0,1,125/319/3,28.3,184,315.9
2025-07-29,245,Yanis,GR,203.2,-7.3,201/302/3,40.0,192,307.1
2025-07-29,246,unreachableNO1,GR,201.5,+9.9,70/107/4,39.8,111,296.6
2025-07-29,247,Pretzel Logic,BS,200.5,2,466/714/7,39.6,262,317.3
2025-07-29,248,jim,FM,196.2,12,11/5/0,68.8,16,179.5
2025-07-29,249,fazi,AT,196.1,1,130/176/7,42.7,143,297.6
2025-07-29,250,GBigs,CA,195.4,+4.8,11/25/0,30.6,32,302.9
2025-07-29,251,dings,NL,192.7,+17.0,159/286/5,35.9,155,298.0
2025-07-29,252,HUH?,DE,192.7,-14.1,69/99/4,41.3,106,272.1
2025-07-29,253,Player4992-eri,ZZ,190.7,9,114/166/3,40.8,127,267.2
2025-07-29,254,HARALD,BE,190.0,-19.8,393/478/13,45.2,232,247.7
2025-07-29,255,Blue Tom,AT,183.4,2,21/37/1,36.4,44,311.0
2025-07-29,256,Bojak,IL,182.7,+0.0,261/542/8,32.7,216,316.7
2025-07-29,257,Enhordes,GR,179.9,-21.6,238/399/21,37.8,176,294.6
2025-07-29,258,KCore,ES,176.4,-7.5,111/145/1,43.4,107,258.7
2025-07-29,259,KAOS Agent,US,176.1,-5.2,199/209/5,48.8,143,237.5
2025-07-29,260,Major Skillissue,AQ,174.3,3,11/18/0,37.9,25,303.0
2025-07-29,261,Fairweigh,CX,173.9,+11.2,239/341/15,41.4,170,299.5
2025-07-29,262,MURAT,IT,173.0,14,18/26/1,41.1,29,282.3
2025-07-29,263,Branko Jevremov,RS,172.3,-6.0,90/162/4,35.9,130,317.8
2025-07-29,264,duku77,NL,171.6,1,60/99/2,37.9,109,285.1
2025-07-29,265,CNY,US,171.2,-22.3,77/114/6,40.6,110,252.9
2025-07-29,266,Ray Ving,ZZ,169.2,1,106/181/0,36.9,127,262.2
2025-07-29,267,Blackstar,DE,169.1,1,10/7/0,58.8,16,194.3
2025-07-29,268,FLAFLOS,GR,167.6,22,50/92/2,35.4,91,330.2
2025-07-29,269,Babycorn,US,164.8,+39.9,45/96/2,32.2,80,319.4
2025-07-29,270,Hannibaal Barca,LB,164.3,1,24/59/1,29.2,64,350.0
2025-07-29,271,DeitySlayer,US,164.1,+23.0,78/231/2,25.4,131,319.4
2025-07-29,272,The courtier,BR,159.2,1,423/790/2,34.9,239,311.6
2025-07-29,273,SHARK,ZZ,157.1,+12.4,80/207/0,27.9,128,333.2
2025-07-29,274,R1sky Bus1ness,US,156.9,1,39/70/3,36.2,69,266.8
2025-07-29,275,Atriox,US,154.8,29,5/17/0,22.7,20,335.0
2025-07-29,276,Flagon,ES,152.3,1,32/35/0,47.8,54,219.2
2025-07-29,277,Rayley3,CA,147.4,2,15/27/0,35.7,36,287.9
2025-07-29,278,Yas,FR,146.8,12,110/183/3,37.7,133,314.7
2025-07-29,279,DimitrisTr,GR,143.8,1,60/151/4,28.8,116,278.8
2025-07-29,280,Franz K.,DE,137.5,-33.9,42/83/0,33.6,81,297.6
2025-07-29,281,fred77,MA,136.9,+17.6,158/447/6,26.4,200,306.5
2025-07-29,282,queensbury,US,135.8,-14.2,113/199/4,36.4,143,265.9
2025-07-29,283,SlowPony17,CA,135.7,+8.9,11/9/0,55.0,18,189.5
2025-07-29,284,Mello,IT,134.0,+1.6,188/379/3,33.2,185,280.6
2025-07-29,285,alextrip,GR,132.5,9,103/220/2,32.0,149,310.0
2025-07-29,286,Dankan,CH,128.6,-6.4,32/57/4,36.6,65,300.8
2025-07-29,287,Al Hakeem,FR,124.3,1,56/101/5,36.1,98,257.6
2025-07-29,288,Ricardo Rao,BR,123.2,10,5/15/0,25.0,16,362.0
2025-07-29,289,Tamarindo,US,123.1,2,128/243/12,35.0,163,336.8
2025-07-29,290,Forestman,NL,122.7,-10.2,94/114/2,45.2,117,221.1
2025-07-29,291,El destructivore,CA,122.2,12,31/65/1,32.5,73,282.6
2025-07-29,292,schive24,US,120.9,17,12/23/0,34.3,30,289.7
2025-07-29,293,mgz1408,AT,120.0,-11.7,134/205/1,39.6,121,269.3
2025-07-29,294,Odysseus,GR,118.3,8,16/33/0,32.7,36,262.8
2025-07-29,295,davids,ZZ,117.8,17,6/11/0,35.3,13,254.1
2025-07-29,296,Notorous RSL,CR,115.1,+9.0,272/585/2,31.8,224,294.3
2025-07-29,297,Spy Defense,US,115.1,5,134/152/4,46.9,119,166.4
2025-07-29,298,hrn,CH,111.4,1,6/13/0,31.6,19,359.3
2025-07-29,299,SlipperySquares,US,109.9,15,13/28/0,31.7,33,250.4
2025-07-29,300,Cstone22,US,106.1,18,2/13/0,13.3,14,291.6
2025-07-29,301,#LionWar,BE,104.0,2,21/44/0,32.3,49,303.6
2025-07-29,302,Missed take,ZZ,102.2,4,20/54/0,27.0,54,314.9
2025-07-29,303,FloydPink,US,101.0,24,4/17/0,19.0,19,290.9
2025-07-29,304,400tui,CA,100.0,1,61/227/0,21.2,120,338.7
2025-07-29,305,Astore,IT,99.2,-48.7,137/349/2,28.3,168,316.8
2025-07-29,306,trintingnant,AG,98.2,-5.0,112/251/0,30.9,168,290.8
2025-07-29,307,Marckid342,ZZ,97.0,-13.5,286/673/1,29.8,239,282.9
2025-07-29,308,IRONJAW,US,96.6,+8.4,33/100/1,25.0,92,270.3
2025-07-29,309,Boris,UA,93.9,-6.3,5/21/0,19.2,25,309.9
2025-07-29,310,Sirdabomb123,US,91.6,-4.5,22/71/1,23.9,59,330.7
2025-07-29,311,General Thompson,US,87.4,-1.5,70/144/0,32.7,120,264.7
2025-07-29,312,Fifika_55,GR,87.3,9,8/22/0,26.7,28,277.2
2025-07-29,313,Shivaanoz,BE,80.3,+24.2,66/165/1,28.7,122,288.0
2025-07-29,314,BigJeffyJ,GR,79.6,3,19/49/0,27.9,48,294.2
2025-07-29,315,evdog104,PS,76.7,1,73/124/0,37.1,100,223.1
2025-07-29,316,Viliciri,US,76.6,2,5/9/0,35.7,13,204.7
2025-07-29,317,MegalosStratilatis,GR,74.1,15,32/50/2,39.3,47,121.3
2025-07-29,318,malakoboukoma,GR,71.7,-10.9,83/138/0,37.6,136,306.7
2025-07-29,319,FHBJNRNG,US,66.1,17,4/18/1,19.6,20,301.9
2025-07-29,320,NMN16,AU,66.0,4,17/63/1,21.6,53,324.0
2025-07-29,321,Davmholms,US,63.3,+9.5,126/296/2,30.0,141,254.3
2025-07-29,322,arne pellaers,BE,59.3,+29.3,7/19/1,27.8,21,242.4
2025-07-29,323,MarshalBlitzer#1,ZZ,59.2,-36.1,278/562/4,33.2,219,269.7
2025-07-29,324,Gmans revenge,US,58.9,11,55/134/0,29.1,94,256.0
2025-07-29,325,Debaaf,NL,52.4,16,2/9/0,18.2,11,374.2
2025-07-29,326,ThPicard,DE,49.5,12,49/126/0,28.0,106,310.7
2025-07-29,327,alexzan,GR,34.5,+26.0,5/16/0,23.8,20,298.2
2025-07-29,328,jagger314,BR,29.7,-2.4,26/108/1,19.6,73,268.0
2025-07-29,329,honda08,GR,23.3,-5.9,9/38/1,19.8,37,248.2
2025-07-29,330,Karl XII,SE,20.3,24,41/81/0,33.6,70,196.9
2025-07-29,331,guib543,BE,18.9,1,18/70/1,20.8,63,280.4
2025-07-29,332,AYou,ZZ,14.9,10,3/14/0,17.6,15,323.3
2025-07-29,333,genti89,IT,13.7,15,3/8/0,27.3,10,239.9
2025-07-29,334,ambiorix,BE,11.8,+7.7,71/199/1,26.4,124,268.8
2025-07-30,1,Winner,US,842.7,+17.1,117/32/5,77.6,60,558.6
2025-07-30,2,OVERL0RD,GR,819.3,+10.8,101/26/2,79.1,58,545.2
2025-07-30,3,Losermaker,AU,807.1,26,73/10/3,86.6,56,456.2
2025-07-30,4,sevenseas,GB,800.2,-9.5,72/11/1,86.3,56,387.0
2025-07-30,5,Hielco,NL,737.8,+2.9,21/9/1,69.4,20,562.5
2025-07-30,6,Hyperfocus,NL,693.9,+7.5,43/7/0,86.0,37,341.1
2025-07-30,7,Napoleon 1er,CH,658.7,-12.2,68/20/4,76.1,53,434.5
2025-07-30,8,TrueAim,NL,656.2,26,24/4/0,85.7,25,392.3
2025-07-30,9,kamikaze,GB-SCT,652.1,+6.1,197/96/6,66.9,79,497.9
2025-07-30,10,tonylaw44,GR,650.6,+11.4,1084/364/10,74.7,245,356.2
2025-07-30,11,gkaros,GR,628.7,+8.1,483/169/10,73.7,141,416.7
2025-07-30,12,Eagle06,CH,624.6,1,139/37/8,77.7,110,379.1
2025-07-30,13,Sekertzis1973,GR,620.0,-18.2,519/170/19,74.6,174,452.7
2025-07-30,14,Samuel,GB,618.0,+16.2,507/342/13,59.6,174,425.4
2025-07-30,15,Garulfo,NL,617.8,3,71/40/1,63.8,61,526.2
2025-07-30,16,Spion…,NL,613.9,10,22/10/0,68.8,26,471.5
2025-07-30,17,Maelstrom,CA,612.8,-30.5,203/93/4,68.3,100,490.1
2025-07-30,18,BFG,NL,601.6,-9.0,35/20/0,63.6,40,490.3
2025-07-30,19,Nemesis,US,592.6,-3.8,177/129/8,57.6,117,529.0
2025-07-30,20,Skyfall,BE,586.1,+35.6,468/143/8,76.3,241,325.2
2025-07-30,21,Nikolakos,GR,586.0,9,109/78/1,58.2,85,511.7
2025-07-30,22,KingTubby,JM,584.2,1,307/135/6,69.2,172,368.2
2025-07-30,23,Jenna Jameson,NL,581.7,1,53/5/1,90.7,39,181.6
2025-07-30,24,Mirage,AU,573.0,+8.8,264/147/5,64.1,116,498.2
2025-07-30,25,Spartacus,NL,572.3,1,70/23/3,74.5,49,353.1
2025-07-30,26,mvw,BE,570.2,6,26/5/0,83.9,28,227.6
2025-07-30,27,Marcy_Regina_Wu,US,568.9,11,9/6/0,60.0,10,619.7
2025-07-30,28,Akaboom,DE,562.7,2,330/194/8,62.8,158,399.6
2025-07-30,29,guibui,DE,555.2,-10.4,597/143/5,80.5,218,272.7
2025-07-30,30,zach21,US,554.8,1,169/105/6,61.4,76,476.4
2025-07-30,31,Lottorush,US,544.8,+41.4,899/396/18,69.2,217,371.5
2025-07-30,32,Dullahan,CZ,541.9,6,14/6/0,70.0,16,354.2
2025-07-30,33,PEACE,UA,539.5,+6.5,1238/432/27,73.7,254,365.1
2025-07-30,34,EmbracingRacialUnity.org,US,536.4,+1.9,86/24/3,77.4,79,298.9
2025-07-30,35,panther65,DE,534.4,1,21/14/1,59.7,27,421.4
2025-07-30,36,Frosty :),US,534.3,3,100/85/3,54.0,47,556.8
2025-07-30,37,SETTLER,TZ,534.2,-0.7,588/404/12,59.2,182,382.1
2025-07-30,38,Karolus,PL,533.3,2,31/33/0,48.4,47,528.8
2025-07-30,39,Grizzlybear,DE,527.5,+2.3,85/43/5,65.8,79,387.5
2025-07-30,40,Stelios,GR,524.3,+15.6,73/38/1,65.6,62,391.4
2025-07-30,41,NoChance,DE,518.8,+4.8,17/9/0,65.4,22,391.4
2025-07-30,42,Odo,NL,517.5,1,150/92/5,61.7,126,337.0
2025-07-30,43,recar,US,517.4,+2.9,120/46/6,71.5,51,330.6
2025-07-30,44,Marmal,NL,516.9,+71.0,286/197/4,59.1,160,389.3
2025-07-30,45,Pericoperez,ES,513.7,+16.6,67/50/2,57.1,70,421.6
2025-07-30,46,WTF,GR,511.9,+14.7,353/186/4,65.4,185,319.4
2025-07-30,47,Mastermind,ZZ,508.0,1,288/260/12,52.5,146,439.3
2025-07-30,48,warlock,US,505.1,+21.3,181/93/8,65.6,99,423.0
2025-07-30,49,Don Mitsos,GR,504.3,-36.2,469/271/13,63.1,157,418.5
2025-07-30,50,roeczak,GR,503.6,13,13/13/0,50.0,21,512.1
2025-07-30,51,411 Discipline,ZZ,502.2,+28.4,43/12/0,78.2,44,326.1
2025-07-30,52,Henry domerkant,GR,501.2,+23.2,343/209/15,61.8,137,456.4
2025-07-30,53,Kant,PG,500.7,9,18/12/2,59.4,27,371.4
2025-07-30,54,Donnafugata,IT,495.7,9,221/61/4,78.0,162,218.0
2025-07-30,55,Nightwolf,NR,495.0,+5.7,575/168/26,76.5,229,280.7
2025-07-30,56,mirmidonas,GR,494.3,8,119/38/1,75.6,69,236.9
2025-07-30,57,BARBARIANS,GI,491.3,-12.3,175/82/0,68.1,133,326.9
2025-07-30,58,Kanonenkeks,DE,490.1,-29.3,309/169/8,64.4,175,345.3
2025-07-30,59,PokerFace,ZA,489.0,9,159/74/9,67.6,117,361.8
2025-07-30,60,KARAISKAKIS,GR,483.2,16,9/3/1,73.1,13,428.1
2025-07-30,61,Kílí,AU,482.7,3,30/25/0,54.5,39,419.0
2025-07-30,62,Atraf,IL,482.0,-11.1,351/195/1,64.3,155,360.1
2025-07-30,63,Noobmeister,GR,481.7,1,290/150/5,65.7,156,365.0
2025-07-30,64,TobermoryX,GB,477.3,2,35/19/3,64.0,46,393.4
2025-07-30,65,Unseen Hero,GR,474.3,+33.4,923/476/27,65.7,249,381.8
2025-07-30,66,BaronNr1,NL,472.7,-15.3,76/41/10,63.8,74,343.9
2025-07-30,67,Tomba,BE,466.3,-14.8,29/11/0,72.5,32,243.3
2025-07-30,68,Vertigo,ES,464.9,+3.0,10/7/1,58.3,15,395.6
2025-07-30,69,Ides_Of_March_NC,US,460.0,9,25/9/1,72.9,28,284.7
2025-07-30,70,garlick,FR,459.3,4,190/207/7,47.9,106,484.3
2025-07-30,71,Jack,ZZ,456.0,1,144/147/4,49.5,112,464.7
2025-07-30,72,banana_hammock,US,454.5,-79.7,462/223/19,67.0,199,342.6
2025-07-30,73,Ollie,CA,448.6,+12.0,366/202/17,64.0,187,326.8
2025-07-30,74,Wnehme,LB,447.6,+3.5,358/186/14,65.4,169,335.1
2025-07-30,75,SIR_Bal,GR,446.9,9,15/15/0,50.0,21,439.3
2025-07-30,76,NavyJoe,US,446.2,23,239/127/5,65.1,181,301.2
2025-07-30,77,Katama,NL,444.6,4,65/41/4,60.9,73,352.0
2025-07-30,78,ICANMAKEUFAMOUS,BF,444.5,2,32/16/0,66.7,39,319.2
2025-07-30,79,gpet0,GR,442.0,+6.0,609/300/21,66.6,216,375.0
2025-07-30,80,Just4fun,ZW,440.3,4,35/15/2,69.2,40,260.2
2025-07-30,81,Rambo,AU,437.9,+8.1,344/226/7,60.2,181,340.3
2025-07-30,82,IKnowThingsGood,US,434.1,+29.2,187/134/1,58.2,143,322.7
2025-07-30,83,Nyxtas,GR,426.6,+20.8,117/83/1,58.5,118,393.5
2025-07-30,84,The Seventh Seal,US,425.0,-13.3,123/67/2,64.6,103,312.7
2025-07-30,85,Kostass2506,GR,423.3,-16.9,297/264/18,52.8,138,467.9
2025-07-30,86,an_album_cover,NZ,421.4,-30.9,101/57/0,63.9,109,310.1
2025-07-30,87,skeptikistis,GR,421.1,5,33/25/0,56.9,45,368.2
2025-07-30,88,Leppie,BE,420.2,8,13/11/1,54.0,23,388.2
2025-07-30,89,Matt,FR,414.9,+18.5,576/513/6,52.9,215,427.0
2025-07-30,90,TheBlackDress,US,414.2,-13.0,172/116/5,59.6,143,309.4
2025-07-30,91,Lord Invader,US,413.2,29,12/6/0,66.7,15,272.1
2025-07-30,92,Pieter,NL,412.0,2,134/92/3,59.2,119,337.7
2025-07-30,93,Mr PEP,GP,410.3,8,101/86/1,54.0,106,328.8
2025-07-30,94,Panter,CZ,409.8,-8.1,78/51/6,60.0,84,364.2
2025-07-30,95,everest,TC,409.8,-33.0,287/317/14,47.6,165,440.3
2025-07-30,96,Murazor,ES,409.0,11,6/6/0,50.0,12,369.9
2025-07-30,97,theos,GR,407.7,1,38/23/1,62.1,46,298.3
2025-07-30,98,Jossy,DE,407.5,+10.9,88/77/7,53.2,91,334.9
2025-07-30,99,JIREN,PE,405.5,+48.6,355/393/16,47.5,181,428.4
2025-07-30,100,crusader,GR,404.0,-19.2,347/250/15,57.9,208,347.0
2025-07-30,101,Andreas94,GR,402.9,1,172/167/4,50.7,132,415.5
2025-07-30,102,Chainsaw Man,IE,402.2,+23.8,967/836/24,53.6,254,299.6
2025-07-30,103,Ghostzapper,US,401.7,4,294/128/10,69.2,165,281.5
2025-07-30,104,tymewiz,US,401.5,14,112/97/0,53.6,107,319.7
2025-07-30,105,ruined_creature,MX,400.1,-23.8,638/467/16,57.6,225,358.5
2025-07-30,106,PowerHamster,NL,399.7,8,48/42/5,53.2,57,361.4
2025-07-30,107,Tasos.kaps,GR,399.3,+36.0,129/86/4,59.8,119,351.3
2025-07-30,108,Strategos,NL,399.3,+17.0,199/148/5,57.2,154,321.7
2025-07-30,109,FGP_,GR,389.9,+4.5,168/116/2,59.1,136,297.4
2025-07-30,110,ChristianF,US,389.1,6,42/38/4,52.4,62,392.8
2025-07-30,111,knickles,US,386.3,+6.1,185/79/9,69.4,123,269.7
2025-07-30,112,Späher,DE,382.7,+7.9,38/30/4,55.6,59,348.1
2025-07-30,113,green panther,AT,382.1,22,8/10/0,44.4,18,411.2
2025-07-30,114,Ron,CY,380.3,+13.6,43/36/3,54.3,58,357.5
2025-07-30,115,Lord Vader,US,379.3,1,403/350/9,53.5,193,345.8
2025-07-30,116,morias,GR,378.8,-46.4,88/72/3,54.9,95,338.0
2025-07-30,117,Mantis,US,378.0,-56.9,259/226/0,53.4,173,356.0
2025-07-30,118,Venom,US,375.6,+108.5,291/302/2,49.1,149,307.9
2025-07-30,119,olafthueringer,DE,375.5,22,31/22/0,58.5,46,297.3
2025-07-30,120,last_shadow,DE,370.0,2,211/168/6,55.6,154,323.0
2025-07-30,121,Jerry,US,369.4,-26.8,162/143/3,53.1,140,328.4
2025-07-30,122,Yo mamas,BA,369.3,20,26/22/0,54.2,43,362.5
2025-07-30,123,HazMate14,AU,368.3,1,132/112/4,54.0,117,366.2
2025-07-30,124,match angler,GR,368.3,-21.2,338/280/2,54.7,179,342.5
2025-07-30,125,Bejita-sama,BE,366.5,18,220/213/4,50.8,185,304.5
2025-07-30,126,HrTaschenbier,DE,366.4,2,155/160/13,49.2,145,309.0
2025-07-30,127,Jovo,IT,365.9,-6.3,72/63/2,53.3,88,320.6
2025-07-30,128,Rexxxer,NL,364.0,+42.4,214/252/1,45.9,164,288.2
2025-07-30,129,PHAETHON,GR,362.3,-15.2,96/86/13,52.6,105,375.8
2025-07-30,130,MacyTheBlackCAT,US,361.9,+1.9,533/522/27,50.5,232,344.3
2025-07-30,131,Archimedes,US,361.3,9,26/21/0,55.3,34,310.6
2025-07-30,132,AmazingGeorges,CA,358.4,-3.7,289/260/11,52.6,175,356.2
2025-07-30,133,BIGBOOM,US,357.8,1,49/35/1,58.2,57,290.1
2025-07-30,134,Unflagged,ZZ,355.9,2,83/82/8,50.3,96,335.7
2025-07-30,135,Bad Milo,NL,355.6,21,50/63/2,44.3,79,394.2
2025-07-30,136,Eise the Great,NL,353.4,1,74/59/1,55.6,83,291.7
2025-07-30,137,GORLAMI,ZZ,351.6,-50.5,390/285/33,57.4,200,307.5
2025-07-30,138,Roger Oncemore II,DE,351.1,+5.7,97/83/6,53.8,105,363.0
2025-07-30,139,McReady,ES,349.6,-87.9,734/551/23,57.0,245,330.2
2025-07-30,140,WICKED LESTER,US,346.1,+19.6,134/151/5,47.1,140,314.1
2025-07-30,141,bobstack,US,342.8,+19.8,55/37/3,59.5,74,225.4
2025-07-30,142,nigrita222,GR,340.6,1,47/50/6,48.5,69,357.2
2025-07-30,143,count floyd,IT,339.2,1,115/160/7,42.0,93,441.8
2025-07-30,144,Pizza70 wow,IT,336.6,-10.8,536/523/10,50.6,230,286.5
2025-07-30,145,Coyote,AR,334.1,-27.8,55/49/1,52.9,66,351.7
2025-07-30,146,SmokingGun,SY,333.8,-46.1,173/179/3,49.2,154,315.2
2025-07-30,147,Tomjonas,VA,333.0,-32.6,245/249/4,49.6,185,315.9
2025-07-30,148,tepechimilpa,ZZ,332.8,+3.4,29/19/0,60.4,40,308.5
2025-07-30,149,dindo,MT,327.6,+35.2,400/358/14,52.7,224,307.6
2025-07-30,150,schnobi,CH,326.7,+7.5,378/502/16,43.1,226,339.9
2025-07-30,151,CORNERFLAGLEFT,ZZ,322.8,-38.7,220/172/3,56.1,139,355.6
2025-07-30,152,fungio,ZZ,318.0,1,162/164/4,49.7,145,309.1
2025-07-30,153,Swordfish,US,317.7,3,138/131/2,51.3,118,327.3
2025-07-30,154,KarnaVNP,SR,317.3,1,9/13/0,40.9,21,344.8
2025-07-30,155,gin_toxic,BE,316.4,3,14/15/1,48.3,29,338.3
2025-07-30,156,jackie,US,315.5,+3.4,1019/856/15,54.3,271,329.5
2025-07-30,157,player-mag,BE,314.7,23,12/4/0,75.0,14,190.4
2025-07-30,158,OZZZY,CA,312.9,1,61/63/8,49.2,67,312.5
2025-07-30,159,Petra,US,311.4,14,4/12/2,27.8,16,392.7
2025-07-30,160,Biber1,DE,311.2,12,26/23/1,53.0,42,282.4
2025-07-30,161,aaron5000,US,311.1,2,53/55/1,49.1,72,270.8
2025-07-30,162,Tilor,US,308.5,+10.8,140/120/11,53.7,120,303.0
2025-07-30,163,skl,ZZ,308.0,-12.8,335/224/2,59.9,169,257.7
2025-07-30,164,Nikiforos Fokas,GR,307.9,+16.9,295/358/4,45.2,215,346.5
2025-07-30,165,Dokimos12,GR,304.0,1,155/206/4,43.0,148,345.9
2025-07-30,166,ijs,NL,303.3,3,33/39/0,45.8,56,288.9
2025-07-30,167,Do Not Panic@,NL,303.1,-5.9,336/380/19,47.0,199,352.4
2025-07-30,168,TemplateRex,NL,303.1,6,33/26/0,55.9,42,255.8
2025-07-30,169,Dimitrisp,GR,302.6,-13.9,111/105/2,51.4,122,289.2
2025-07-30,170,Noscope420,US,300.8,11,13/8/0,61.9,18,290.3
2025-07-30,171,DAG1105,CL,300.6,-25.4,465/415/4,52.8,197,313.1
2025-07-30,172,FelixG,MX,299.7,+6.8,102/106/0,49.0,114,329.3
2025-07-30,173,T Kościuszko,PL,298.9,+48.1,72/57/3,55.7,84,242.0
2025-07-30,174,Colinbbost,GR,297.3,12,58/57/10,50.4,87,298.6
2025-07-30,175,floki,BE,297.1,1,79/100/2,44.2,101,345.3
2025-07-30,176,Tooney13!,SB,291.1,+17.7,164/173/6,48.7,150,283.7
2025-07-30,177,Goldeneyes,HU,290.9,-1.5,132/127/2,51.0,140,305.0
2025-07-30,178,Isi,GR,290.4,-10.5,108/196/2,35.6,133,348.2
2025-07-30,179,Commish,US,290.3,+2.9,389/404/8,49.1,211,318.5
2025-07-30,180,Timmy,GB,290.2,+5.6,133/121/6,52.3,123,325.6
2025-07-30,181,Pepicio,ES,288.4,-1.9,56/64/0,46.7,61,303.6
2025-07-30,182,johnny d,GR,288.1,+16.1,491/550/16,47.2,252,295.9
2025-07-30,183,Thanathos,IT,286.0,-17.7,394/344/2,53.4,199,299.1
2025-07-30,184,BigBack,ZZ,284.7,+22.1,14/9/0,60.9,15,273.6
2025-07-30,185,Cat-hunter,CX,283.1,+12.3,402/368/20,52.2,222,298.5
2025-07-30,186,anthoula,IS,281.3,1,42/48/2,46.7,70,281.0
2025-07-30,187,Nickie,BE,280.3,6,11/12/0,47.8,22,245.9
2025-07-30,188,Simply The Best,US,278.3,-12.6,140/120/2,53.8,133,279.8
2025-07-30,189,theoneandonly,ZZ,277.8,+22.6,211/245/8,46.3,174,272.0
2025-07-30,190,johnkord,GR,277.6,24,22/23/0,48.9,38,292.5
2025-07-30,191,Lord Darth invader,FR,274.6,28,7/8/0,46.7,13,361.6
2025-07-30,192,Jack*Of*Trades,US,273.8,1,246/290/2,45.9,181,285.6
2025-07-30,193,GIANNIS P.,GR,271.4,1,42/52/2,44.8,73,297.4
2025-07-30,194,joeli,DE,271.0,8,67/75/2,47.2,86,335.3
2025-07-30,195,LSR70,BE,270.8,-13.7,542/566/41,49.0,230,340.0
2025-07-30,196,thdeu,US,270.2,-16.9,177/155/2,53.3,139,293.3
2025-07-30,197,alkisagg,CA,269.4,4,139/190/0,42.2,153,287.3
2025-07-30,198,philchillas,ZZ,269.2,+20.7,175/227/2,43.6,169,306.1
2025-07-30,199,Kloppo09,DE,269.0,1,60/92/3,39.7,89,326.3
2025-07-30,200,FBI,AU,268.7,+13.3,207/302/6,40.8,190,267.1
2025-07-30,201,RadicalLibre,DO,268.3,+17.7,143/166/5,46.3,125,246.1
2025-07-30,202,hakster,ZZ,266.1,21,142/193/5,42.5,141,289.5
2025-07-30,203,dyrson,BR,264.5,+1.3,346/465/7,42.7,229,313.1
2025-07-30,204,chouine,CA,260.9,1,10/5/0,66.7,15,307.7
2025-07-30,205,BRUHEGUS911,RU,257.4,-6.1,68/143/3,32.5,98,286.0
2025-07-30,206,TheKing,BE,256.9,2,42/56/4,43.1,71,311.2
2025-07-30,207,Dirk Drent,ZZ,255.8,7,19/21/0,47.5,30,291.4
2025-07-30,208,Kranevitter,NL,253.1,-16.2,276/263/19,51.2,195,313.5
2025-07-30,209,ironman,BE,252.8,1,62/67/8,48.2,77,286.6
2025-07-30,210,dalee,GR,248.6,4,14/24/0,36.8,31,316.6
2025-07-30,211,Bratwurst,DE,246.4,9,7/8/0,46.7,13,376.7
2025-07-30,212,VelvetLucky13,NU,244.5,7,35/46/6,43.7,59,297.1
2025-07-30,213,Miss Aida,US,243.7,-8.6,291/259/8,52.9,181,222.2
2025-07-30,214,Gecko,CA,243.3,2,12/10/1,54.3,18,246.5
2025-07-30,215,Grobu,GB,237.8,+2.1,83/204/0,28.9,126,303.7
2025-07-30,216,jaxr,AW,236.1,-2.9,38/55/0,40.9,70,291.6
2025-07-30,217,TheSweetieMan,US,236.0,-1.2,128/177/5,42.1,161,317.1
2025-07-30,218,Dunk90,US,233.7,1,226/281/1,44.6,150,299.1
2025-07-30,219,Darth Lord,US,233.3,1,18/14/0,56.3,24,163.7
2025-07-30,220,(umdisclosed),ZZ,232.0,28,57/74/0,43.5,82,317.3
2025-07-30,221,Ready Player One,US,230.7,+13.9,150/273/2,35.5,156,305.9
2025-07-30,222,CWJ,ZZ,230.0,-39.2,165/169/3,49.4,147,294.7
2025-07-30,223,artav,US,228.9,+10.9,153/154/2,49.8,134,298.8
2025-07-30,224,johnk1970,GR,227.3,7,11/21/1,34.8,27,376.4
2025-07-30,225,Zman,US,223.6,-15.9,51/91/1,36.0,94,307.1
2025-07-30,226,Virtual Hero,BE,215.4,8,137/194/1,41.4,178,294.2
2025-07-30,227,ajax,NL,215.4,-16.5,123/172/5,41.8,130,302.1
2025-07-30,228,Sicosi25,PA,213.6,-11.2,154/233/2,39.8,165,311.9
2025-07-30,229,MagezuficA,BA,213.6,+7.9,449/849/11,34.7,261,320.1
2025-07-30,230,HARALD,BE,213.4,+23.3,400/490/13,45.0,235,249.3
2025-07-30,231,cycy17,BE,212.8,1,120/208/1,36.6,165,324.8
2025-07-30,232,dings,NL,211.6,+18.9,161/285/5,36.3,155,296.5
2025-07-30,233,Sober_Killer,US,211.3,2,60/87/0,40.8,88,333.5
2025-07-30,234,Smiley,NL,210.4,-3.1,31/38/1,45.0,55,256.7
2025-07-30,235,Winxii,MT,209.6,29,13/10/0,56.5,22,259.5
2025-07-30,236,player-mgk,BE,208.3,27,29/46/2,39.0,54,312.0
2025-07-30,237,Enhordes,GR,207.2,+27.3,238/394/21,38.1,176,294.4
2025-07-30,238,Homer,ES,207.1,5,49/63/3,43.9,78,296.5
2025-07-30,239,Cannon,UA,205.9,2,443/842/20,34.7,256,339.0
2025-07-30,240,Redeyes,GR,205.9,-0.1,224/405/8,35.8,204,300.3
2025-07-30,241,Playerr007,ZZ,205.4,5,13/7/0,65.0,16,192.9
2025-07-30,242,ConKord,GR,204.3,-25.8,603/624/16,49.2,257,274.8
2025-07-30,243,Knightsnake,US,204.2,-20.2,8/8/0,50.0,16,194.9
2025-07-30,244,SKOOGLE,IS,204.0,2,125/319/3,28.3,184,315.9
2025-07-30,245,Yanis,GR,202.4,-0.9,200/300/3,40.1,193,307.8
2025-07-30,246,fazi,AT,201.9,+5.8,128/174/7,42.6,138,300.4
2025-07-30,247,unreachableNO1,GR,201.5,1,63/100/4,38.9,104,301.6
2025-07-30,248,1976Diamonds,GR,200.8,-40.9,112/139/2,44.7,104,301.8
2025-07-30,249,Pretzel Logic,BS,200.5,3,456/703/7,39.4,260,318.3
2025-07-30,250,Bojak,IL,200.1,+17.3,262/538/8,32.9,216,316.8
2025-07-30,251,jim,FM,196.2,13,10/5/0,66.7,15,186.3
2025-07-30,252,Player4992-eri,ZZ,190.7,10,113/160/3,41.5,125,269.3
2025-07-30,253,The courtier,BR,183.9,+24.7,414/781/2,34.7,237,312.3
2025-07-30,254,HUH?,DE,183.5,-9.2,66/98/4,40.5,102,274.8
2025-07-30,255,Blue Tom,AT,183.4,3,20/36/1,36.0,43,312.9
2025-07-30,256,balou,BE,182.4,-33.3,148/210/4,41.4,160,234.2
2025-07-30,257,KCore,ES,180.0,+3.6,111/143/1,43.7,107,258.4
2025-07-30,258,MURAT,IT,178.5,+5.4,19/27/1,41.5,30,277.2
2025-07-30,259,Babycorn,US,176.5,+11.7,47/98/2,32.7,81,317.7
2025-07-30,260,Moneymaker,US,175.1,-31.4,113/118/0,48.9,124,238.1
2025-07-30,261,Major Skillissue,AQ,174.3,4,11/18/0,37.9,25,303.0
2025-07-30,262,R1sky Bus1ness,US,174.2,+17.3,37/67/3,36.0,69,269.2
2025-07-30,263,Branko Jevremov,RS,174.1,+1.8,89/163/5,35.6,132,317.5
2025-07-30,264,duku77,NL,171.6,2,59/98/2,37.7,108,287.3
2025-07-30,265,Joker,LU,171.5,-49.8,460/689/25,40.2,245,266.2
2025-07-30,266,Ray Ving,ZZ,169.2,2,106/181/0,36.9,127,262.2
2025-07-30,267,Blackstar,DE,169.1,2,10/6/0,62.5,15,204.4
2025-07-30,268,CNY,US,167.9,-3.3,76/115/7,40.2,110,254.3
2025-07-30,269,FLAFLOS,GR,167.6,23,50/92/2,35.4,91,330.2
2025-07-30,270,Flagon,ES,165.9,+13.5,34/35/0,49.3,56,214.0
2025-07-30,271,Rayley3,CA,162.5,+15.1,16/27/0,37.2,36,289.2
2025-07-30,272,GBigs,CA,159.6,-35.9,12/31/0,27.9,36,294.8
2025-07-30,273,Mello,IT,158.2,+24.2,191/382/3,33.4,186,280.9
2025-07-30,274,SHARK,ZZ,157.1,1,77/202/0,27.6,124,335.6
2025-07-30,275,KAOS Agent,US,152.6,-23.5,196/211/5,48.2,143,237.7
2025-07-30,276,queensbury,US,151.5,+15.7,112/198/4,36.3,140,266.0
2025-07-30,277,Hannibaal Barca,LB,150.9,-13.4,24/61/1,28.5,66,349.2
2025-07-30,278,Al Hakeem,FR,147.4,+23.0,59/105/5,36.4,102,257.7
2025-07-30,279,Yas,FR,146.8,13,110/183/3,37.7,133,314.7
2025-07-30,280,Tamarindo,US,146.6,+23.5,130/244/12,35.2,164,336.6
2025-07-30,281,DeitySlayer,US,144.7,-19.4,79/236/2,25.2,131,321.2
2025-07-30,282,Notorous RSL,CR,144.4,+29.3,273/584/3,31.9,224,292.0
2025-07-30,283,Franz K.,DE,141.9,+4.4,42/79/0,34.7,81,294.2
2025-07-30,284,SlowPony17,CA,135.7,1,11/9/0,55.0,18,189.5
2025-07-30,285,Fairweigh,CX,132.9,-41.0,238/349/15,40.8,170,300.6
2025-07-30,286,DimitrisTr,GR,132.6,-11.2,59/151/4,28.5,116,279.0
2025-07-30,287,alextrip,GR,132.5,10,101/219/2,31.7,148,310.9
2025-07-30,288,Dankan,CH,125.5,-3.1,32/58/4,36.2,66,302.2
2025-07-30,289,Ricardo Rao,BR,123.2,11,5/15/0,25.0,16,362.0
2025-07-30,290,El destructivore,CA,122.2,13,29/61/1,32.4,71,281.1
2025-07-30,291,schive24,US,120.9,18,12/23/0,34.3,30,289.7
2025-07-30,292,fred77,MA,118.3,-18.6,155/438/6,26.4,199,307.3
2025-07-30,293,Odysseus,GR,118.3,9,16/33/0,32.7,36,262.8
2025-07-30,294,davids,ZZ,117.8,18,6/11/0,35.3,13,254.1
2025-07-30,295,Forestman,NL,116.2,-6.5,95/113/2,45.7,116,220.4
2025-07-30,296,Spy Defense,US,115.1,6,134/152/4,46.9,119,166.4
2025-07-30,297,mgz1408,AT,113.9,-6.1,133/210/1,38.8,118,268.6
2025-07-30,298,hrn,CH,111.4,2,6/13/0,31.6,19,359.3
2025-07-30,299,SlipperySquares,US,109.9,16,13/28/0,31.7,33,250.4
2025-07-30,300,General Thompson,US,109.6,+22.2,66/141/0,31.9,118,273.0
2025-07-30,301,Cstone22,US,106.1,19,2/13/0,13.3,14,291.6
2025-07-30,302,#LionWar,BE,104.0,3,21/44/0,32.3,49,303.6
2025-07-30,303,Marckid342,ZZ,103.1,+6.1,287/671/1,30.0,239,282.7
2025-07-30,304,Missed take,ZZ,102.2,5,20/53/0,27.4,53,313.5
2025-07-30,305,FloydPink,US,101.0,25,4/16/0,20.0,18,288.4
2025-07-30,306,400tui,CA,100.0,2,60/222/0,21.3,120,337.5
2025-07-30,307,Astore,IT,99.2,1,137/349/2,28.3,168,316.8
2025-07-30,308,evdog104,PS,99.1,+22.3,74/120/0,38.1,101,224.7
2025-07-30,309,trintingnant,AG,98.2,1,111/250/0,30.7,167,290.8
2025-07-30,310,IRONJAW,US,96.6,1,33/99/1,25.2,91,269.6
2025-07-30,311,Boris,UA,93.9,1,5/21/0,19.2,25,309.9
2025-07-30,312,Shivaanoz,BE,91.7,+11.4,68/165/1,29.3,122,287.5
2025-07-30,313,Sirdabomb123,US,91.6,1,22/71/1,23.9,59,330.7
2025-07-30,314,Fifika_55,GR,87.3,10,8/22/0,26.7,28,277.2
2025-07-30,315,Davmholms,US,87.2,+24.0,127/296/2,30.1,142,254.4
2025-07-30,316,BigJeffyJ,GR,79.6,4,19/49/0,27.9,48,294.2
2025-07-30,317,Viliciri,US,76.6,3,5/9/0,35.7,13,204.7
2025-07-30,318,MegalosStratilatis,GR,74.1,16,31/50/2,38.6,46,122.5
2025-07-30,319,malakoboukoma,GR,71.7,1,79/137/0,36.6,135,307.6
2025-07-30,320,MarshalBlitzer#1,ZZ,70.7,+11.5,280/565/4,33.2,219,269.5
2025-07-30,321,FHBJNRNG,US,66.1,18,4/18/1,19.6,20,301.9
2025-07-30,322,NMN16,AU,66.0,5,17/63/1,21.6,53,324.0
2025-07-30,323,Gmans revenge,US,58.9,12,54/134/0,28.7,93,257.1
2025-07-30,324,arne pellaers,BE,55.3,-4.0,10/27/1,27.6,27,229.7
2025-07-30,325,Debaaf,NL,52.4,17,2/9/0,18.2,11,374.2
2025-07-30,326,ThPicard,DE,49.5,13,49/122/0,28.7,106,309.5
2025-07-30,327,jagger314,BR,44.1,+14.5,27/106/1,20.5,73,267.5
2025-07-30,328,alexzan,GR,35.0,+0.5,6/18/0,25.0,22,282.2
2025-07-30,329,honda08,GR,23.3,1,9/38/1,19.8,37,248.2
2025-07-30,330,Karl XII,SE,20.3,25,39/78/0,33.3,69,199.6
2025-07-30,331,guib543,BE,16.9,-2.0,18/66/1,21.8,61,282.9
2025-07-30,332,AYou,ZZ,14.9,11,3/14/0,17.6,15,323.3
2025-07-30,333,genti89,IT,13.7,16,3/8/0,27.3,10,239.9
2025-07-30,334,ambiorix,BE,6.5,-5.3,70/199/1,26.1,124,268.2
2025-07-31,1,Winner,US,842.7,1,117/32/5,77.6,60,558.6
2025-07-31,2,OVERL0RD,GR,809.5,-9.8,108/28/2,79.0,58,544.3
2025-07-31,3,Losermaker,AU,807.1,27,70/10/3,86.1,55,460.0
2025-07-31,4,sevenseas,GB,800.2,1,71/11/1,86.1,55,386.6
2025-07-31,5,Hielco,NL,741.5,+3.7,22/9/1,70.3,20,559.8
2025-07-31,6,Hyperfocus,NL,695.1,+1.2,44/7/0,86.3,38,338.6
2025-07-31,7,Napoleon 1er,CH,658.7,1,67/20/4,75.8,53,433.6
2025-07-31,8,tonylaw44,GR,656.9,+6.3,1074/362/10,74.6,244,356.8
2025-07-31,9,TrueAim,NL,656.2,27,24/4/0,85.7,25,392.3
2025-07-31,10,kamikaze,GB-SCT,652.1,1,185/87/6,67.6,77,497.6
2025-07-31,11,Eagle06,CH,624.6,2,134/37/8,77.1,109,377.7
2025-07-31,12,gkaros,GR,618.0,-10.7,484/170/10,73.6,141,416.6
2025-07-31,13,Samuel,GB,618.0,1,502/334/13,59.9,173,425.7
2025-07-31,14,Garulfo,NL,617.8,4,71/40/1,63.8,61,526.2
2025-07-31,15,Spion…,NL,613.9,11,22/10/0,68.8,26,471.5
2025-07-31,16,Maelstrom,CA,608.2,-4.5,202/93/4,68.2,99,491.8
2025-07-31,17,Skyfall,BE,607.4,+21.3,465/137/8,76.9,242,322.7
2025-07-31,18,BFG,NL,604.4,+2.9,36/20/0,64.3,41,486.8
2025-07-31,19,Nemesis,US,592.6,1,171/126/8,57.4,115,529.7
2025-07-31,20,KingTubby,JM,588.1,+3.9,305/135/6,69.1,172,368.7
2025-07-31,21,Lottorush,US,587.9,+43.0,894/393/18,69.2,216,373.8
2025-07-31,22,Nikolakos,GR,586.0,10,109/78/1,58.2,85,511.7
2025-07-31,23,Mirage,AU,584.4,+11.4,263/146/5,64.1,116,497.1
2025-07-31,24,Jenna Jameson,NL,581.7,2,51/5/1,90.4,39,180.2
2025-07-31,25,Spartacus,NL,572.3,2,69/23/3,74.2,48,354.6
2025-07-31,26,mvw,BE,570.2,7,26/5/0,83.9,28,227.6
2025-07-31,27,Marcy_Regina_Wu,US,568.9,12,9/6/0,60.0,10,619.7
2025-07-31,28,zach21,US,567.8,+12.9,168/105/6,61.3,74,473.9
2025-07-31,29,PEACE,UA,564.3,+24.8,1255/440/27,73.7,253,366.1
2025-07-31,30,Akaboom,DE,562.7,3,325/187/8,63.3,158,399.5
2025-07-31,31,Sekertzis1973,GR,557.0,-62.9,521/177/19,74.0,173,452.0
2025-07-31,32,Dullahan,CZ,549.3,+7.4,15/6/0,71.4,17,358.8
2025-07-31,33,guibui,DE,544.8,-10.3,599/146/6,80.2,216,272.8
2025-07-31,34,Karolus,PL,538.5,+5.2,33/34/0,49.3,48,526.2
2025-07-31,35,panther65,DE,534.4,2,21/14/1,59.7,27,421.4
2025-07-31,36,Frosty :),US,530.8,-3.5,100/86/3,53.7,47,558.1
2025-07-31,37,EmbracingRacialUnity.org,US,530.7,-5.7,85/25/3,76.5,79,300.4
2025-07-31,38,Grizzlybear,DE,527.5,1,85/42/5,66.3,79,386.8
2025-07-31,39,Don Mitsos,GR,526.2,+21.9,467/271/13,63.0,156,419.4
2025-07-31,40,Stelios,GR,524.3,1,73/38/1,65.6,62,391.4
2025-07-31,41,SETTLER,TZ,521.4,-12.8,597/409/12,59.2,183,382.0
2025-07-31,42,Kílí,AU,520.4,+37.7,34/25/0,57.6,41,423.0
2025-07-31,43,NoChance,DE,518.8,1,17/9/0,65.4,22,391.4
2025-07-31,44,Odo,NL,517.5,2,150/92/5,61.7,126,337.0
2025-07-31,45,411 Discipline,ZZ,517.2,+15.1,45/12/0,78.9,46,328.7
2025-07-31,46,Kanonenkeks,DE,516.8,+26.7,320/171/8,64.9,179,344.3
2025-07-31,47,WTF,GR,512.8,+0.8,351/183/4,65.6,184,319.1
2025-07-31,48,warlock,US,509.0,+3.9,181/94/8,65.4,98,425.0
2025-07-31,49,Mastermind,ZZ,508.0,2,287/260/12,52.4,146,439.7
2025-07-31,50,roeczak,GR,503.6,14,13/13/0,50.0,21,512.1
2025-07-31,51,gpet0,GR,503.5,+61.5,622/303/21,66.9,216,374.6
2025-07-31,52,Henry domerkant,GR,501.2,1,343/209/15,61.8,137,456.4
2025-07-31,53,Kant,PG,500.7,10,18/12/2,59.4,27,371.4
2025-07-31,54,Atraf,IL,497.9,+15.9,347/196/1,63.9,158,361.8
2025-07-31,55,Nightwolf,NR,496.7,+1.7,572/166/25,76.6,227,279.7
2025-07-31,56,Donnafugata,IT,495.7,10,218/60/4,78.0,160,216.9
2025-07-31,57,recar,US,495.2,-22.2,119/46/6,71.3,52,333.1
2025-07-31,58,mirmidonas,GR,494.3,9,117/36/1,76.3,68,236.4
2025-07-31,59,PokerFace,ZA,489.0,10,159/74/9,67.6,117,361.8
2025-07-31,60,KARAISKAKIS,GR,483.2,17,9/3/1,73.1,13,428.1
2025-07-31,61,Wnehme,LB,481.7,+34.1,357/185/14,65.5,169,337.5
2025-07-31,62,Noobmeister,GR,481.7,2,269/142/5,65.3,153,364.9
2025-07-31,63,BARBARIANS,GI,479.6,-11.7,176/82/1,68.1,134,326.2
2025-07-31,64,Marmal,NL,475.3,-41.6,284/200/4,58.6,160,389.7
2025-07-31,65,TobermoryX,GB,473.4,-3.9,36/20/3,63.6,46,393.7
2025-07-31,66,BaronNr1,NL,472.7,1,76/39/10,64.8,72,342.8
2025-07-31,67,Pericoperez,ES,472.5,-41.1,68/54/2,55.6,72,420.9
2025-07-31,68,Tomba,BE,470.5,+4.2,30/11/0,73.2,33,243.1
2025-07-31,69,Vertigo,ES,464.9,1,9/6/1,59.4,14,389.9
2025-07-31,70,Ides_Of_March_NC,US,460.0,10,25/9/1,72.9,28,284.7
2025-07-31,71,garlick,FR,459.3,5,190/207/7,47.9,106,484.3
2025-07-31,72,ruined_creature,MX,458.1,+58.0,642/468/16,57.7,226,359.3
2025-07-31,73,Unseen Hero,GR,456.3,-18.0,918/471/27,65.8,248,381.8
2025-07-31,74,Jack,ZZ,451.5,-4.5,147/151/5,49.3,114,462.8
2025-07-31,75,SIR_Bal,GR,446.9,10,15/15/0,50.0,21,439.3
2025-07-31,76,NavyJoe,US,446.2,24,239/127/5,65.1,181,301.2
2025-07-31,77,ICANMAKEUFAMOUS,BF,444.5,3,32/16/0,66.7,39,319.2
2025-07-31,78,Rambo,AU,444.1,+6.2,344/226/7,60.2,182,339.7
2025-07-31,79,Just4fun,ZW,440.3,5,35/15/2,69.2,40,260.2
2025-07-31,80,Nyxtas,GR,435.5,+8.9,115/81/1,58.6,116,391.3
2025-07-31,81,Ollie,CA,430.6,-18.1,365/202/17,64.0,188,328.4
2025-07-31,82,Pieter,NL,430.2,+18.1,136/92/3,59.5,119,338.1
2025-07-31,83,The Seventh Seal,US,429.9,+4.8,123/67/2,64.6,103,312.9
2025-07-31,84,Katama,NL,428.0,-16.6,64/43/4,59.5,74,350.2
2025-07-31,85,banana_hammock,US,427.4,-27.1,456/223/18,66.7,201,343.3
2025-07-31,86,IKnowThingsGood,US,426.3,-7.8,189/137/1,58.0,144,324.9
2025-07-31,87,skeptikistis,GR,421.1,6,28/24/0,53.8,40,374.0
2025-07-31,88,Leppie,BE,420.2,9,13/11/1,54.0,23,388.2
2025-07-31,89,TheBlackDress,US,414.2,1,171/115/5,59.6,142,306.9
2025-07-31,90,an_album_cover,NZ,414.0,-7.5,104/60/0,63.4,113,312.1
2025-07-31,91,Mantis,US,410.5,+32.5,260/226/0,53.5,174,355.8
2025-07-31,92,Mr PEP,GP,410.3,9,98/86/1,53.2,105,331.1
2025-07-31,93,Panter,CZ,409.8,1,76/50/6,59.8,81,368.6
2025-07-31,94,Tasos.kaps,GR,409.1,+9.8,132/87/4,60.1,120,350.5
2025-07-31,95,Murazor,ES,409.0,12,6/6/0,50.0,12,369.9
2025-07-31,96,theos,GR,407.7,2,37/23/1,61.5,45,299.5
2025-07-31,97,Ron,CY,404.3,+24.0,47/37/3,55.7,61,356.6
2025-07-31,98,Jossy,DE,402.7,-4.8,87/76/7,53.2,91,332.6
2025-07-31,99,Ghostzapper,US,401.7,5,291/124/10,69.6,163,282.2
2025-07-31,100,tymewiz,US,401.5,15,112/97/0,53.6,107,319.7
2025-07-31,101,Kostass2506,GR,401.2,-22.1,298/269/18,52.5,139,467.5
2025-07-31,102,PowerHamster,NL,399.7,9,48/42/5,53.2,57,361.4
2025-07-31,103,Matt,FR,397.2,-17.7,567/505/6,52.9,214,428.3
2025-07-31,104,everest,TC,395.2,-14.6,285/316/14,47.5,165,440.1
2025-07-31,105,ChristianF,US,392.8,+3.7,43/37/4,53.6,63,390.8
2025-07-31,106,FGP_,GR,389.9,1,168/116/2,59.1,136,297.4
2025-07-31,107,HelpMeLose,US,385.8,+24.7,11/5/0,68.8,12,276.5
2025-07-31,108,crusader,GR,383.5,-20.5,349/253/15,57.8,209,346.8
2025-07-31,109,Späher,DE,382.7,1,38/30/4,55.6,59,348.1
2025-07-31,110,morias,GR,382.4,+3.6,90/73/3,55.1,96,337.1
2025-07-31,111,green panther,AT,382.1,23,8/10/0,44.4,18,411.2
2025-07-31,112,count floyd,IT,381.9,+42.7,110/156/6,41.5,96,441.9
2025-07-31,113,Andreas94,GR,380.1,-22.8,174/171/5,50.4,133,414.4
2025-07-31,114,knickles,US,379.9,-6.4,181/80/9,68.7,121,270.4
2025-07-31,115,Lord Vader,US,379.3,2,402/350/9,53.4,193,345.7
2025-07-31,116,Unflagged,ZZ,377.1,+21.2,86/83/8,50.8,98,336.6
2025-07-31,117,olafthueringer,DE,375.5,23,30/22/0,57.7,45,297.0
2025-07-31,118,GORLAMI,ZZ,374.4,+22.8,393/286/34,57.5,200,308.7
2025-07-31,119,HazMate14,AU,371.6,+3.3,131/112/4,53.8,117,365.3
2025-07-31,120,match angler,GR,370.2,+1.9,319/264/2,54.7,176,344.4
2025-07-31,121,Yo mamas,BA,369.3,21,25/17/0,59.5,37,366.5
2025-07-31,122,Bejita-sama,BE,366.5,19,220/213/4,50.8,185,304.5
2025-07-31,123,HrTaschenbier,DE,366.4,3,153/157/13,49.4,144,308.6
2025-07-31,124,Jovo,IT,366.2,+0.3,74/65/2,53.2,91,322.2
2025-07-31,125,BIGBOOM,US,365.7,+7.9,51/35/1,59.2,57,286.1
2025-07-31,126,Rexxxer,NL,363.8,-0.2,213/252/1,45.8,164,288.7
2025-07-31,127,Do Not Panic@,NL,363.8,+60.7,342/380/19,47.4,199,352.8
2025-07-31,128,PHAETHON,GR,362.3,1,93/84/13,52.4,103,374.6
2025-07-31,129,Archimedes,US,361.3,10,26/20/0,56.5,33,304.1
2025-07-31,130,Strategos,NL,358.9,-40.4,200/141/5,58.5,153,316.7
2025-07-31,131,MacyTheBlackCAT,US,357.3,-4.7,533/522/27,50.5,233,344.1
2025-07-31,132,Tomjonas,VA,357.1,+24.1,251/251/4,50.0,189,313.6
2025-07-31,133,Nikiforos Fokas,GR,356.0,+48.1,296/355/4,45.5,215,345.7
2025-07-31,134,Venom,US,355.7,-19.9,286/300/2,48.8,149,307.1
2025-07-31,135,Bad Milo,NL,355.6,22,50/63/2,44.3,79,394.2
2025-07-31,136,dindo,MT,355.0,+27.4,394/349/14,53.0,225,307.6
2025-07-31,137,last_shadow,DE,351.8,-18.2,210/169/6,55.3,152,323.7
2025-07-31,138,McReady,ES,349.6,1,722/542/23,57.0,244,330.0
2025-07-31,139,JIREN,PE,349.4,-56.1,378/415/16,47.7,189,422.3
2025-07-31,140,Roger Oncemore II,DE,347.8,-3.3,94/81/6,53.6,103,365.6
2025-07-31,141,Eise the Great,NL,347.6,-5.8,75/60/1,55.5,84,291.1
2025-07-31,142,fungio,ZZ,345.9,+27.9,166/167/4,49.9,148,309.4
2025-07-31,143,Jerry,US,344.9,-24.5,163/145/3,52.9,140,326.8
2025-07-31,144,nigrita222,GR,339.4,-1.2,48/51/6,48.6,70,356.4
2025-07-31,145,SmokingGun,SY,337.5,+3.7,172/180/3,48.9,155,316.0
2025-07-31,146,jackie,US,334.6,+19.1,1005/852/15,54.1,270,329.4
2025-07-31,147,Cat-hunter,CX,333.5,+50.3,397/364/20,52.1,217,297.0
2025-07-31,148,CORNERFLAGLEFT,ZZ,331.4,+8.6,216/173/3,55.5,139,356.9
2025-07-31,149,bobstack,US,331.0,-11.8,56/39/3,58.7,76,228.3
2025-07-31,150,Pizza70 wow,IT,328.9,-7.8,537/524/10,50.6,231,286.8
2025-07-31,151,OZZZY,CA,323.2,+10.2,62/63/8,49.6,67,312.6
2025-07-31,152,skl,ZZ,322.8,+14.8,333/219/2,60.3,164,257.5
2025-07-31,153,gin_toxic,BE,322.0,+5.6,15/15/1,50.0,30,339.6
2025-07-31,154,tepechimilpa,ZZ,321.8,-11.0,30/21/0,58.8,43,309.3
2025-07-31,155,WICKED LESTER,US,321.2,-24.9,130/141/5,48.0,134,311.5
2025-07-31,156,Coyote,AR,319.7,-14.4,55/51/1,51.9,67,353.4
2025-07-31,157,Swordfish,US,317.7,4,138/131/2,51.3,118,327.3
2025-07-31,158,KarnaVNP,SR,317.3,2,9/13/0,40.9,21,344.8
2025-07-31,159,player-mag,BE,314.7,24,12/4/0,75.0,14,190.4
2025-07-31,160,Petra,US,311.4,15,4/12/2,27.8,16,392.7
2025-07-31,161,Biber1,DE,311.2,13,26/23/1,53.0,42,282.4
2025-07-31,162,Goldeneyes,HU,310.6,+19.6,133/127/2,51.1,140,305.4
2025-07-31,163,johnny d,GR,309.9,+21.8,485/539/15,47.4,248,295.7
2025-07-31,164,aaron5000,US,308.6,-2.5,54/56/2,49.1,73,271.2
2025-07-31,165,Chainsaw Man,IE,308.3,-93.9,967/839/25,53.5,257,299.9
2025-07-31,166,Pepicio,ES,304.7,+16.3,57/63/0,47.5,61,305.1
2025-07-31,167,floki,BE,304.1,+7.1,80/101/2,44.3,103,346.2
2025-07-31,168,ijs,NL,303.3,4,33/39/0,45.8,56,288.9
2025-07-31,169,TemplateRex,NL,303.1,7,33/26/0,55.9,42,255.8
2025-07-31,170,Dimitrisp,GR,302.6,1,111/104/2,51.6,121,289.3
2025-07-31,171,Dokimos12,GR,300.8,-3.2,154/204/4,43.1,149,346.7
2025-07-31,172,Noscope420,US,300.8,12,13/8/0,61.9,18,290.3
2025-07-31,173,AmazingGeorges,CA,299.8,-58.6,282/267/11,51.3,174,357.3
2025-07-31,174,T Kościuszko,PL,298.9,1,72/57/3,55.7,84,242.0
2025-07-31,175,Colinbbost,GR,297.3,13,58/57/10,50.4,87,298.6
2025-07-31,176,schnobi,CH,296.6,-30.1,383/502/16,43.4,228,340.8
2025-07-31,177,Tilor,US,296.5,-12.0,137/120/11,53.2,119,304.0
2025-07-31,178,Isi,GR,293.6,+3.2,109/194/2,36.1,133,346.9
2025-07-31,179,Timmy,GB,290.2,1,126/119/5,51.4,120,326.2
2025-07-31,180,Kloppo09,DE,289.0,+20.0,62/93/3,40.2,90,328.1
2025-07-31,181,Jack*Of*Trades,US,286.9,+13.0,257/301/2,46.1,185,285.9
2025-07-31,182,DAG1105,CL,284.9,-15.8,471/425/4,52.6,198,314.0
2025-07-31,183,BigBack,ZZ,284.7,1,14/9/0,60.9,15,273.6
2025-07-31,184,anthoula,IS,281.3,2,39/48/2,44.9,68,284.7
2025-07-31,185,Nickie,BE,280.3,7,11/12/0,47.8,22,245.9
2025-07-31,186,Simply The Best,US,278.3,1,138/118/2,53.9,132,279.5
2025-07-31,187,johnkord,GR,277.6,25,18/18/0,50.0,31,282.5
2025-07-31,188,RadicalLibre,DO,277.2,+8.9,146/165/5,47.0,126,244.4
2025-07-31,189,FelixG,MX,275.9,-23.8,100/107/0,48.3,113,328.8
2025-07-31,190,FBI,AU,275.8,+7.1,209/301/6,41.1,192,267.5
2025-07-31,191,theoneandonly,ZZ,275.5,-2.3,214/246/8,46.6,174,269.4
2025-07-31,192,Lord Darth invader,FR,274.6,29,7/8/0,46.7,13,361.6
2025-07-31,193,joeli,DE,271.0,9,64/74/2,46.4,85,340.1
2025-07-31,194,GIANNIS P.,GR,270.4,-1.0,43/50/2,46.3,72,297.7
2025-07-31,195,alkisagg,CA,269.4,5,137/186/0,42.4,150,287.0
2025-07-31,196,LSR70,BE,267.6,-3.3,537/566/42,48.7,229,339.2
2025-07-31,197,Thanathos,IT,267.3,-18.6,389/340/2,53.4,196,299.4
2025-07-31,198,hakster,ZZ,266.1,22,142/193/5,42.5,141,289.5
2025-07-31,199,philchillas,ZZ,264.8,-4.5,177/230/2,43.5,172,306.1
2025-07-31,200,thdeu,US,264.0,-6.3,176/155/2,53.2,137,293.8
2025-07-31,201,Ready Player One,US,261.0,+30.3,153/274/2,35.9,156,306.6
2025-07-31,202,chouine,CA,260.9,2,10/5/0,66.7,15,307.7
2025-07-31,203,BRUHEGUS911,RU,257.4,1,68/140/3,32.9,98,285.1
2025-07-31,204,TheKing,BE,256.9,3,41/53/4,43.9,67,312.0
2025-07-31,205,Commish,US,256.4,-33.9,390/409/8,48.8,211,318.5
2025-07-31,206,Dirk Drent,ZZ,255.8,8,19/21/0,47.5,30,291.4
2025-07-31,207,Kranevitter,NL,251.7,-1.4,278/264/19,51.2,196,313.7
2025-07-31,208,dalee,GR,248.6,5,13/23/0,36.1,30,313.1
2025-07-31,209,Bratwurst,DE,246.4,10,7/8/0,46.7,13,376.7
2025-07-31,210,ironman,BE,244.7,-8.1,62/67/8,48.2,77,286.4
2025-07-31,211,VelvetLucky13,NU,244.5,8,35/46/6,43.7,59,297.1
2025-07-31,212,Gecko,CA,243.3,3,12/10/1,54.3,18,246.5
2025-07-31,213,CWJ,ZZ,241.2,+11.3,164/168/3,49.4,145,296.2
2025-07-31,214,Yanis,GR,241.2,+38.9,202/294/3,40.8,193,308.7
2025-07-31,215,jaxr,AW,238.6,+2.6,39/56/0,41.1,71,291.3
2025-07-31,216,Tooney13!,SB,236.6,-54.5,165/179/6,48.0,151,283.4
2025-07-31,217,ConKord,GR,236.3,+32.1,612/634/16,49.1,260,275.6
2025-07-31,218,Dunk90,US,233.7,2,226/281/1,44.6,150,299.1
2025-07-31,219,Darth Lord,US,233.3,2,17/14/0,54.8,23,161.7
2025-07-31,220,(umdisclosed),ZZ,232.0,29,57/70/0,44.9,81,317.6
2025-07-31,221,TheSweetieMan,US,231.8,-4.2,128/176/5,42.2,161,316.6
2025-07-31,222,Zman,US,229.6,+6.0,52/90/1,36.7,93,307.5
2025-07-31,223,artav,US,228.1,-0.8,154/153/2,50.2,134,299.9
2025-07-31,224,johnk1970,GR,227.3,8,11/21/1,34.8,27,376.4
2025-07-31,225,HARALD,BE,219.5,+6.1,404/489/13,45.3,237,250.1
2025-07-31,226,dyrson,BR,218.5,-46.0,347/468/7,42.6,229,312.4
2025-07-31,227,Virtual Hero,BE,215.4,9,136/193/1,41.4,178,294.0
2025-07-31,228,ajax,NL,214.2,-1.2,123/171/5,42.0,130,304.1
2025-07-31,229,MagezuficA,BA,213.6,1,441/830/11,34.8,258,320.4
2025-07-31,230,cycy17,BE,212.8,2,115/202/1,36.3,160,325.8
2025-07-31,231,Miss Aida,US,212.8,-31.0,288/260/8,52.5,180,224.0
2025-07-31,232,Sober_Killer,US,211.3,3,60/87/0,40.8,88,333.5
2025-07-31,233,Knightsnake,US,211.0,+6.7,9/8/0,52.9,16,188.6
2025-07-31,234,Smiley,NL,210.4,1,31/38/1,45.0,55,256.7
2025-07-31,235,Hannibaal Barca,LB,208.6,+57.6,29/62/1,32.1,70,344.9
2025-07-31,236,1976Diamonds,GR,208.0,+7.2,114/141/2,44.7,105,301.4
2025-07-31,237,Homer,ES,207.1,6,49/63/3,43.9,78,296.5
2025-07-31,238,Pretzel Logic,BS,206.7,+6.2,456/696/7,39.6,259,317.9
2025-07-31,239,player-mgk,BE,206.5,-1.8,30/48/2,38.8,56,312.4
2025-07-31,240,Cannon,UA,205.9,3,433/830/19,34.5,253,339.0
2025-07-31,241,Redeyes,GR,205.9,1,224/405/8,35.8,204,300.3
2025-07-31,242,Playerr007,ZZ,205.4,6,13/7/0,65.0,16,192.9
2025-07-31,243,fazi,AT,201.9,1,126/169/7,42.9,135,300.7
2025-07-31,244,dings,NL,199.3,-12.3,160/286/5,36.0,155,296.3
2025-07-31,245,Sicosi25,PA,199.1,-14.5,152/237/2,39.1,166,311.7
2025-07-31,246,Joker,LU,198.2,+26.6,466/699/25,40.2,246,265.9
2025-07-31,247,jim,FM,196.2,14,9/5/0,64.3,14,199.1
2025-07-31,248,unreachableNO1,GR,195.6,-5.8,60/97/4,38.5,101,302.7
2025-07-31,249,Grobu,GB,192.1,-45.6,84/208/0,28.8,127,303.0
2025-07-31,250,Player4992-eri,ZZ,190.7,11,113/160/3,41.5,125,269.3
2025-07-31,251,Branko Jevremov,RS,187.9,+13.8,88/162/5,35.5,131,320.4
2025-07-31,252,balou,BE,187.0,+4.6,149/210/4,41.6,160,234.3
2025-07-31,253,Bojak,IL,186.3,-13.8,262/536/8,33.0,218,316.0
2025-07-31,254,CNY,US,186.3,+18.3,78/114/8,41.0,112,251.1
2025-07-31,255,HUH?,DE,183.5,1,65/96/4,40.6,100,278.0
2025-07-31,256,Blue Tom,AT,183.4,4,16/33/1,33.0,40,314.5
2025-07-31,257,SKOOGLE,IS,183.3,-20.7,126/321/3,28.3,182,317.8
2025-07-31,258,Mello,IT,182.3,+24.0,193/379/3,33.8,187,280.2
2025-07-31,259,MURAT,IT,178.5,1,19/27/1,41.5,30,277.2
2025-07-31,260,The courtier,BR,175.5,-8.4,412/786/2,34.4,237,313.2
2025-07-31,261,Moneymaker,US,175.1,1,111/117/0,48.7,123,238.9
2025-07-31,262,Major Skillissue,AQ,174.3,5,11/18/0,37.9,25,303.0
2025-07-31,263,R1sky Bus1ness,US,174.2,1,37/67/3,36.0,69,269.2
2025-07-31,264,duku77,NL,171.6,3,59/98/2,37.7,108,287.3
2025-07-31,265,Babycorn,US,171.3,-5.2,47/98/3,32.8,82,315.8
2025-07-31,266,Rayley3,CA,169.2,+6.7,15/27/0,35.7,35,285.8
2025-07-31,267,Ray Ving,ZZ,169.2,3,104/179/0,36.7,126,263.1
2025-07-31,268,Blackstar,DE,169.1,3,9/6/0,60.0,14,189.0
2025-07-31,269,FLAFLOS,GR,167.6,24,50/92/2,35.4,91,330.2
2025-07-31,270,KCore,ES,166.1,-13.9,112/146/1,43.4,108,257.9
2025-07-31,271,Enhordes,GR,157.1,-50.0,235/393/21,37.8,177,294.3
2025-07-31,272,Flagon,ES,155.8,-10.0,34/36/0,48.6,56,213.3
2025-07-31,273,Notorous RSL,CR,153.7,+9.3,273/584/3,31.9,223,292.0
2025-07-31,274,KAOS Agent,US,151.2,-1.4,198/216/5,47.9,143,239.2
2025-07-31,275,GBigs,CA,151.1,-8.5,14/36/0,28.0,38,292.2
2025-07-31,276,Al Hakeem,FR,147.4,1,56/96/4,37.2,100,256.6
2025-07-31,277,Yas,FR,146.8,14,110/182/3,37.8,132,314.5
2025-07-31,278,SHARK,ZZ,144.2,-12.9,77/203/0,27.5,124,333.9
2025-07-31,279,Franz K.,DE,141.9,1,42/79/0,34.7,81,294.2
2025-07-31,280,mgz1408,AT,138.1,+24.2,136/215/1,38.8,119,270.3
2025-07-31,281,SlowPony17,CA,135.7,2,11/9/0,55.0,18,189.5
2025-07-31,282,trintingnant,AG,134.1,+35.9,114/248/0,31.5,167,290.0
2025-07-31,283,DimitrisTr,GR,132.6,1,59/149/4,28.8,115,280.6
2025-07-31,284,Tamarindo,US,128.9,-17.7,130/247/12,35.0,165,337.7
2025-07-31,285,alextrip,GR,128.4,-4.0,101/220/2,31.6,149,311.1
2025-07-31,286,queensbury,US,127.3,-24.2,110/199/4,35.8,141,263.2
2025-07-31,287,Dankan,CH,125.5,1,32/58/4,36.2,66,302.2
2025-07-31,288,Ricardo Rao,BR,123.2,12,5/15/0,25.0,16,362.0
2025-07-31,289,El destructivore,CA,122.2,14,29/59/1,33.1,69,279.0
2025-07-31,290,schive24,US,120.9,19,12/23/0,34.3,30,289.7
2025-07-31,291,Forestman,NL,119.5,+3.3,95/114/2,45.5,116,220.7
2025-07-31,292,Odysseus,GR,118.3,10,16/33/0,32.7,36,262.8
2025-07-31,293,hrn,CH,117.9,+6.5,7/15/0,31.8,20,362.1
2025-07-31,294,davids,ZZ,117.8,19,6/11/0,35.3,13,254.1
2025-07-31,295,Fairweigh,CX,115.8,-17.1,238/354/15,40.4,171,301.3
2025-07-31,296,Spy Defense,US,115.1,7,134/152/4,46.9,119,166.4
2025-07-31,297,fred77,MA,114.3,-4.0,151/433/6,26.1,198,308.1
2025-07-31,298,DeitySlayer,US,111.0,-33.7,79/244/2,24.6,134,320.9
2025-07-31,299,SlipperySquares,US,109.9,17,13/28/0,31.7,33,250.4
2025-07-31,300,General Thompson,US,109.6,1,64/139/0,31.5,116,273.2
2025-07-31,301,Cstone22,US,106.1,20,2/13/0,13.3,14,291.6
2025-07-31,302,#LionWar,BE,104.0,4,21/44/0,32.3,49,303.6
2025-07-31,303,Missed take,ZZ,102.2,6,20/53/0,27.4,53,313.5
2025-07-31,304,FloydPink,US,101.0,26,4/15/0,21.1,18,299.0
2025-07-31,305,Shivaanoz,BE,100.1,+8.4,69/166/1,29.4,122,287.3
2025-07-31,306,Astore,IT,99.2,2,137/349/2,28.3,168,316.8
2025-07-31,307,IRONJAW,US,96.6,2,33/97/1,25.6,90,268.1
2025-07-31,308,400tui,CA,95.0,-5.0,59/223/0,20.9,120,338.3
2025-07-31,309,Boris,UA,93.9,2,5/21/0,19.2,25,309.9
2025-07-31,310,Davmholms,US,93.5,+6.3,129/303/2,30.0,145,256.4
2025-07-31,311,Sirdabomb123,US,91.6,2,22/71/1,23.9,59,330.7
2025-07-31,312,Fifika_55,GR,87.3,11,8/22/0,26.7,28,277.2
2025-07-31,313,MarshalBlitzer#1,ZZ,82.4,+11.7,276/553/4,33.4,217,270.2
2025-07-31,314,evdog104,PS,81.9,-17.1,73/121/0,37.6,101,224.3
2025-07-31,315,Marckid342,ZZ,80.2,-22.9,288/674/1,30.0,239,282.2
2025-07-31,316,BigJeffyJ,GR,79.6,5,19/49/0,27.9,48,294.2
2025-07-31,317,Viliciri,US,76.6,4,5/9/0,35.7,13,204.7
2025-07-31,318,MegalosStratilatis,GR,74.1,17,30/47/2,39.2,45,124.5
2025-07-31,319,malakoboukoma,GR,68.7,-3.0,76/137/0,35.7,134,311.9
2025-07-31,320,FHBJNRNG,US,66.1,19,4/17/1,20.5,19,304.7
2025-07-31,321,NMN16,AU,66.0,6,17/63/1,21.6,53,324.0
2025-07-31,322,Gmans revenge,US,58.9,13,54/132/0,29.0,92,257.7
2025-07-31,323,arne pellaers,BE,55.3,1,10/27/1,27.6,27,229.7
2025-07-31,324,Debaaf,NL,52.4,18,2/8/0,20.0,10,351.1
2025-07-31,325,ThPicard,DE,49.5,14,47/121/0,28.0,105,311.1
2025-07-31,326,alexzan,GR,40.1,+5.2,7/19/0,26.9,23,270.8
2025-07-31,327,jagger314,BR,37.4,-6.7,27/106/1,20.5,74,265.9
2025-07-31,328,honda08,GR,22.1,-1.2,9/38/1,19.8,36,256.2
2025-07-31,329,Karl XII,SE,20.3,26,35/71/0,33.0,65,196.0
2025-07-31,330,guib543,BE,16.9,1,17/61/1,22.2,59,278.0
2025-07-31,331,AYou,ZZ,14.9,12,3/14/0,17.6,15,323.3
2025-07-31,332,ambiorix,BE,14.4,+7.9,71/200/1,26.3,123,265.7
2025-07-31,333,genti89,IT,13.7,17,3/8/0,27.3,10,239.9
2025-08-01,1,Winner,US,848.9,+6.2,118/32/5,77.7,61,559.4
2025-08-01,2,Losermaker,AU,807.1,28,70/10/3,86.1,55,460.0
2025-08-01,3,OVERL0RD,GR,806.4,-3.1,112/29/2,79.0,58,543.7
2025-08-01,4,sevenseas,GB,800.2,2,71/11/1,86.1,55,386.6
2025-08-01,5,Hielco,NL,741.5,1,22/9/1,70.3,20,559.8
2025-08-01,6,Hyperfocus,NL,695.1,1,36/6/0,85.7,34,342.4
2025-08-01,7,Napoleon 1er,CH,658.7,2,67/20/4,75.8,53,433.6
2025-08-01,8,kamikaze,GB-SCT,658.6,+6.5,182/84/6,68.0,77,497.5
2025-08-01,9,tonylaw44,GR,656.9,1,1056/356/9,74.6,240,357.4
2025-08-01,10,TrueAim,NL,656.2,28,24/4/0,85.7,25,392.3
2025-08-01,11,Eagle06,CH,624.6,3,132/36/8,77.3,109,375.3
2025-08-01,12,Nemesis,US,621.5,+28.9,173/127/8,57.5,114,531.2
2025-08-01,13,Samuel,GB,620.4,+2.5,493/328/13,59.9,169,426.0
2025-08-01,14,gkaros,GR,618.0,1,474/166/10,73.7,141,417.5
2025-08-01,15,Garulfo,NL,617.8,5,71/39/1,64.4,61,526.0
2025-08-01,16,Spion…,NL,613.9,12,22/10/0,68.8,26,471.5
2025-08-01,17,PEACE,UA,607.8,+43.4,1277/444/28,73.8,252,365.9
2025-08-01,18,BFG,NL,604.4,1,35/20/0,63.6,41,485.4
2025-08-01,19,Skyfall,BE,601.3,-6.0,460/137/8,76.7,237,323.4
2025-08-01,20,Lottorush,US,596.2,+8.4,887/391/17,69.2,215,374.8
2025-08-01,21,KingTubby,JM,595.7,+7.6,304/134/6,69.1,172,368.5
2025-08-01,22,Mirage,AU,593.0,+8.6,259/145/5,63.9,116,496.7
2025-08-01,23,Spartacus,NL,589.6,+17.2,72/23/3,75.0,48,355.8
2025-08-01,24,Maelstrom,CA,588.2,-20.0,202/95/4,67.8,99,492.6
2025-08-01,25,Nikolakos,GR,586.0,11,107/75/1,58.7,84,512.2
2025-08-01,26,Jenna Jameson,NL,581.7,3,51/5/1,90.4,39,180.2
2025-08-01,27,mvw,BE,570.2,8,26/5/0,83.9,28,227.6
2025-08-01,28,Marcy_Regina_Wu,US,568.9,13,9/6/0,60.0,10,619.7
2025-08-01,29,zach21,US,567.8,1,159/98/6,61.6,70,479.5
2025-08-01,30,Akaboom,DE,562.7,4,325/187/8,63.3,158,399.5
2025-08-01,31,guibui,DE,557.9,+13.0,601/145/6,80.3,216,272.3
2025-08-01,32,Dullahan,CZ,549.3,1,15/6/0,71.4,17,358.8
2025-08-01,33,WTF,GR,547.8,+35.1,353/184/5,65.6,185,321.1
2025-08-01,34,Sekertzis1973,GR,540.1,-17.0,525/183/19,73.5,173,451.8
2025-08-01,35,Karolus,PL,538.5,1,33/34/0,49.3,48,526.2
2025-08-01,36,EmbracingRacialUnity.org,US,537.1,+6.4,84/25/3,76.3,80,304.2
2025-08-01,37,panther65,DE,534.4,3,21/14/1,59.7,27,421.4
2025-08-01,38,Frosty :),US,530.8,1,98/85/3,53.5,47,558.6
2025-08-01,39,411 Discipline,ZZ,530.5,+13.3,47/12/0,79.7,48,329.8
2025-08-01,40,Mastermind,ZZ,528.1,+20.1,293/262/12,52.7,146,439.2
2025-08-01,41,Grizzlybear,DE,527.5,2,85/40/5,67.3,79,383.4
2025-08-01,42,Don Mitsos,GR,526.2,1,464/270/13,63.0,156,419.6
2025-08-01,43,Stelios,GR,524.3,2,73/38/1,65.6,62,391.4
2025-08-01,44,Marmal,NL,523.1,+47.8,289/202/4,58.8,160,392.2
2025-08-01,45,Kílí,AU,520.4,1,34/25/0,57.6,41,423.0
2025-08-01,46,NoChance,DE,518.8,2,17/9/0,65.4,22,391.4
2025-08-01,47,Odo,NL,517.5,3,149/92/5,61.6,126,337.5
2025-08-01,48,gpet0,GR,509.2,+5.7,616/303/21,66.6,214,374.3
2025-08-01,49,BARBARIANS,GI,507.4,+27.8,177/80/1,68.8,132,327.6
2025-08-01,50,roeczak,GR,503.6,15,13/13/0,50.0,21,512.1
2025-08-01,51,Henry domerkant,GR,501.2,2,343/207/15,62.0,137,456.2
2025-08-01,52,Kant,PG,500.7,11,18/12/2,59.4,27,371.4
2025-08-01,53,warlock,US,499.3,-9.8,183/98/8,64.7,98,427.9
2025-08-01,54,mirmidonas,GR,499.2,+5.0,116/35/1,76.6,67,236.1
2025-08-01,55,Kanonenkeks,DE,497.9,-18.9,332/178/8,64.9,182,344.7
2025-08-01,56,Nightwolf,NR,496.7,1,569/165/25,76.6,225,279.7
2025-08-01,57,Atraf,IL,496.0,-1.9,346/196/1,63.8,158,362.9
2025-08-01,58,Donnafugata,IT,495.7,11,214/59/4,78.0,159,216.4
2025-08-01,59,recar,US,495.2,1,117/45/6,71.4,51,333.2
2025-08-01,60,PokerFace,ZA,489.0,11,159/74/9,67.6,117,361.8
2025-08-01,61,Tomba,BE,483.9,+13.3,32/11/0,74.4,34,248.2
2025-08-01,62,KARAISKAKIS,GR,483.2,18,9/3/1,73.1,13,428.1
2025-08-01,63,SETTLER,TZ,483.1,-38.3,594/409/12,59.1,183,381.3
2025-08-01,64,Noobmeister,GR,481.7,3,269/142/5,65.3,153,364.9
2025-08-01,65,BaronNr1,NL,472.7,2,76/39/10,64.8,72,342.8
2025-08-01,66,Vertigo,ES,464.9,2,8/5/1,60.7,12,384.6
2025-08-01,67,Ides_Of_March_NC,US,460.0,11,25/9/1,72.9,28,284.7
2025-08-01,68,garlick,FR,459.3,6,190/207/7,47.9,106,484.3
2025-08-01,69,Unseen Hero,GR,456.3,1,918/471/27,65.8,248,381.8
2025-08-01,70,TobermoryX,GB,454.1,-19.3,37/22/3,62.1,48,390.5
2025-08-01,71,Jack,ZZ,451.5,1,147/148/5,49.8,113,462.2
2025-08-01,72,Nyxtas,GR,450.1,+14.6,116/79/1,59.4,116,389.1
2025-08-01,73,Wnehme,LB,447.6,-34.0,359/189/14,65.1,169,338.7
2025-08-01,74,SIR_Bal,GR,446.9,11,15/15/0,50.0,21,439.3
2025-08-01,75,NavyJoe,US,446.2,25,236/126/5,65.0,180,302.4
2025-08-01,76,ICANMAKEUFAMOUS,BF,444.5,4,32/16/0,66.7,39,319.2
2025-08-01,77,IKnowThingsGood,US,443.3,+16.9,191/136/1,58.4,144,322.3
2025-08-01,78,banana_hammock,US,442.6,+15.1,468/225/18,67.1,202,340.9
2025-08-01,79,Just4fun,ZW,440.3,6,32/15/2,67.3,38,271.5
2025-08-01,80,Pericoperez,ES,436.5,-36.0,70/58/2,54.6,73,417.3
2025-08-01,81,Mantis,US,433.8,+23.2,262/226/0,53.7,175,354.9
2025-08-01,82,Ollie,CA,432.8,+2.3,362/199/17,64.1,188,327.5
2025-08-01,83,ruined_creature,MX,426.8,-31.3,645/472/16,57.6,227,359.2
2025-08-01,84,Katama,NL,424.9,-3.1,62/44/4,58.2,74,349.1
2025-08-01,85,skeptikistis,GR,421.1,7,28/23/0,54.9,40,371.7
2025-08-01,86,tymewiz,US,420.3,+18.8,115/97/0,54.2,109,319.7
2025-08-01,87,Leppie,BE,420.2,10,12/11/1,52.1,22,398.5
2025-08-01,88,Pieter,NL,418.5,-11.7,135/92/3,59.3,119,335.6
2025-08-01,89,TheBlackDress,US,414.2,2,170/112/5,60.1,140,307.4
2025-08-01,90,Mr PEP,GP,410.3,10,95/83/1,53.4,101,329.8
2025-08-01,91,Kostass2506,GR,410.0,+8.8,293/264/18,52.5,139,466.6
2025-08-01,92,Panter,CZ,409.8,2,74/50/6,59.2,81,371.5
2025-08-01,93,Tasos.kaps,GR,409.1,1,129/87/4,59.5,119,350.3
2025-08-01,94,Murazor,ES,409.0,13,5/6/0,45.5,11,369.0
2025-08-01,95,theos,GR,407.7,3,37/23/1,61.5,45,299.5
2025-08-01,96,The Seventh Seal,US,405.7,-24.2,124/69/2,64.1,103,311.7
2025-08-01,97,Ron,CY,404.3,1,47/37/3,55.7,61,356.6
2025-08-01,98,Ghostzapper,US,401.7,6,287/123/10,69.5,162,282.9
2025-08-01,99,PowerHamster,NL,399.7,10,48/42/5,53.2,57,361.4
2025-08-01,100,crusader,GR,397.3,+13.8,346/249/15,58.0,208,345.6
2025-08-01,101,everest,TC,395.2,1,282/314/14,47.4,165,440.1
2025-08-01,102,count floyd,IT,393.5,+11.6,107/152/6,41.5,96,442.1
2025-08-01,103,ChristianF,US,392.8,1,43/37/4,53.6,63,390.8
2025-08-01,104,Rambo,AU,392.2,-51.9,343/232/8,59.5,182,339.0
2025-08-01,105,Späher,DE,390.2,+7.5,38/29/4,56.3,57,344.2
2025-08-01,106,FGP_,GR,389.9,2,168/116/2,59.1,136,297.4
2025-08-01,107,an_album_cover,NZ,389.3,-24.6,104/63/0,62.3,114,315.1
2025-08-01,108,HelpMeLose,US,385.8,1,11/5/0,68.8,12,276.5
2025-08-01,109,green panther,AT,382.1,24,8/10/0,44.4,18,411.2
2025-08-01,110,Andreas94,GR,380.1,1,174/171/5,50.4,133,414.4
2025-08-01,111,JIREN,PE,377.3,+27.9,395/422/15,48.4,190,419.0
2025-08-01,112,Venom,US,377.3,+21.6,287/295/2,49.3,151,307.8
2025-08-01,113,olafthueringer,DE,375.5,24,29/22/0,56.9,44,296.5
2025-08-01,114,Jovo,IT,372.8,+6.6,77/66/2,53.8,94,320.0
2025-08-01,115,match angler,GR,370.2,1,312/258/2,54.7,172,344.5
2025-08-01,116,Yo mamas,BA,369.3,22,25/15/0,62.5,36,353.3
2025-08-01,117,Bejita-sama,BE,366.5,20,220/213/4,50.8,185,304.5
2025-08-01,118,HazMate14,AU,365.7,-5.9,131/111/4,54.1,118,362.2
2025-08-01,119,Unflagged,ZZ,365.4,-11.7,87/84/8,50.8,98,334.4
2025-08-01,120,Tomjonas,VA,364.9,+7.7,248/245/4,50.3,188,313.9
2025-08-01,121,Rexxxer,NL,363.8,1,208/250/1,45.4,162,289.6
2025-08-01,122,PHAETHON,GR,362.3,2,93/82/13,52.9,103,375.0
2025-08-01,123,dindo,MT,362.2,+7.2,400/349/14,53.3,229,306.8
2025-08-01,124,Do Not Panic@,NL,361.8,-2.0,346/379/18,47.8,200,351.2
2025-08-01,125,Archimedes,US,361.3,11,23/19/0,54.8,32,310.8
2025-08-01,126,Jossy,DE,361.0,-41.7,86/80/7,51.7,91,332.8
2025-08-01,127,GORLAMI,ZZ,360.9,-13.5,397/295/35,57.0,200,313.1
2025-08-01,128,BIGBOOM,US,360.6,-5.0,53/36/1,59.4,57,282.5
2025-08-01,129,CORNERFLAGLEFT,ZZ,358.1,+26.7,222/174/3,56.0,141,355.9
2025-08-01,130,bobstack,US,356.9,+25.9,58/39/3,59.5,77,231.0
2025-08-01,131,jackie,US,356.9,+22.2,1007/852/15,54.1,269,329.1
2025-08-01,132,Matt,FR,356.0,-41.3,558/498/5,52.8,210,429.0
2025-08-01,133,Bad Milo,NL,355.6,23,50/63/2,44.3,79,394.2
2025-08-01,134,schnobi,CH,355.0,+58.4,383/496/16,43.7,227,342.2
2025-08-01,135,knickles,US,352.6,-27.4,180/79/9,68.8,119,266.1
2025-08-01,136,last_shadow,DE,351.8,1,208/168/5,55.2,150,323.5
2025-08-01,137,MacyTheBlackCAT,US,350.1,-7.2,533/525/26,50.4,233,344.0
2025-08-01,138,McReady,ES,349.6,2,707/529/21,57.1,241,331.4
2025-08-01,139,Roger Oncemore II,DE,347.8,1,93/78/5,54.3,102,364.0
2025-08-01,140,Eise the Great,NL,347.6,1,71/60/1,54.2,82,293.2
2025-08-01,141,HrTaschenbier,DE,345.9,-20.5,157/162/13,49.2,147,309.0
2025-08-01,142,Jerry,US,344.9,1,163/145/3,52.9,140,326.8
2025-08-01,143,Nikiforos Fokas,GR,339.8,-16.2,297/357/4,45.4,213,346.2
2025-08-01,144,nigrita222,GR,339.4,1,48/51/6,48.6,70,356.4
2025-08-01,145,morias,GR,337.6,-44.9,93/79/3,54.0,101,333.3
2025-08-01,146,OZZZY,CA,329.9,+6.7,63/63/8,50.0,68,311.8
2025-08-01,147,Coyote,AR,329.9,+10.2,56/51/1,52.3,67,353.2
2025-08-01,148,fungio,ZZ,328.0,-17.9,168/169/5,49.9,150,308.4
2025-08-01,149,KarnaVNP,SR,324.0,+6.7,9/12/0,42.9,20,360.4
2025-08-01,150,gin_toxic,BE,322.0,1,13/14/1,48.2,27,353.4
2025-08-01,151,tepechimilpa,ZZ,321.8,1,30/21/0,58.8,43,309.3
2025-08-01,152,SmokingGun,SY,318.6,-19.0,172/183/3,48.5,156,316.5
2025-08-01,153,Swordfish,US,317.7,5,138/131/2,51.3,118,327.3
2025-08-01,154,Strategos,NL,315.8,-43.1,199/142/5,58.2,153,316.6
2025-08-01,155,Thanathos,IT,315.2,+47.9,391/336/2,53.8,194,298.5
2025-08-01,156,johnny d,GR,315.0,+5.1,481/532/15,47.5,247,294.6
2025-08-01,157,player-mag,BE,314.7,25,12/4/0,75.0,14,190.4
2025-08-01,158,Petra,US,311.4,16,4/12/2,27.8,16,392.7
2025-08-01,159,Biber1,DE,311.2,14,26/23/1,53.0,42,282.4
2025-08-01,160,Goldeneyes,HU,310.6,1,132/127/2,51.0,140,305.4
2025-08-01,161,Dokimos12,GR,310.6,+9.7,154/203/4,43.2,148,348.0
2025-08-01,162,DAG1105,CL,309.9,+25.1,476/427/4,52.7,201,313.5
2025-08-01,163,LSR70,BE,309.8,+42.2,540/569/42,48.7,231,338.4
2025-08-01,164,aaron5000,US,308.6,1,54/56/2,49.1,73,271.2
2025-08-01,165,floki,BE,306.6,+2.4,86/105/2,45.1,110,343.2
2025-08-01,166,Chainsaw Man,IE,306.5,-1.7,955/835/23,53.3,257,300.2
2025-08-01,167,Lord Vader,US,306.0,-73.3,415/368/8,53.0,196,343.2
2025-08-01,168,WICKED LESTER,US,304.7,-16.5,129/140/5,48.0,134,313.1
2025-08-01,169,skl,ZZ,304.0,-18.8,328/218/1,60.1,166,257.3
2025-08-01,170,ijs,NL,303.3,5,33/39/0,45.8,56,288.9
2025-08-01,171,thdeu,US,303.2,+39.3,172/149/2,53.6,131,293.2
2025-08-01,172,Cat-hunter,CX,303.1,-30.4,406/376/20,51.9,218,297.8
2025-08-01,173,T Kościuszko,PL,301.7,+2.8,75/62/3,54.6,85,251.3
2025-08-01,174,Noscope420,US,300.8,13,13/8/0,61.9,18,290.3
2025-08-01,175,TemplateRex,NL,299.3,-3.7,33/27/0,55.0,44,255.6
2025-08-01,176,Tilor,US,296.5,1,134/116/11,53.4,116,304.0
2025-08-01,177,Kloppo09,DE,296.4,+7.4,62/93/3,40.2,90,327.4
2025-08-01,178,FelixG,MX,296.1,+20.2,102/106/0,49.0,113,329.3
2025-08-01,179,Dimitrisp,GR,292.5,-10.1,111/104/2,51.6,122,289.6
2025-08-01,180,AmazingGeorges,CA,292.1,-7.8,275/262/11,51.2,172,355.6
2025-08-01,181,Pepicio,ES,289.8,-14.9,57/65/0,46.7,63,306.6
2025-08-01,182,Timmy,GB,289.7,-0.5,127/119/5,51.6,120,325.8
2025-08-01,183,theoneandonly,ZZ,286.7,+11.2,214/243/8,46.9,172,269.1
2025-08-01,184,FBI,AU,286.2,+10.3,212/300/6,41.5,191,266.7
2025-08-01,185,BigBack,ZZ,284.7,2,14/9/0,60.9,15,273.6
2025-08-01,186,Pizza70 wow,IT,283.7,-45.2,532/523/9,50.4,230,286.4
2025-08-01,187,anthoula,IS,281.3,3,38/47/1,44.8,66,286.0
2025-08-01,188,Kranevitter,NL,281.0,+29.3,276/259/18,51.5,193,312.8
2025-08-01,189,Isi,GR,280.6,-13.0,105/192/2,35.5,132,350.0
2025-08-01,190,Nickie,BE,280.3,8,11/12/0,47.8,22,245.9
2025-08-01,191,Simply The Best,US,278.3,2,138/115/2,54.5,131,280.3
2025-08-01,192,Colinbbost,GR,278.3,-19.0,58/59/9,49.6,87,296.7
2025-08-01,193,johnkord,GR,277.6,26,18/16/0,52.9,30,286.7
2025-08-01,194,joeli,DE,271.0,10,63/73/2,46.4,83,339.7
2025-08-01,195,alkisagg,CA,269.4,6,132/182/0,42.0,149,287.3
2025-08-01,196,hakster,ZZ,266.1,23,138/189/5,42.3,140,288.5
2025-08-01,197,Jack*Of*Trades,US,265.6,-21.3,259/307/2,45.8,185,289.5
2025-08-01,198,Commish,US,265.2,+8.8,390/408/8,48.9,211,318.5
2025-08-01,199,Yanis,GR,263.6,+22.4,205/297/3,40.9,194,310.5
2025-08-01,200,philchillas,ZZ,261.2,-3.6,179/232/2,43.6,173,305.3
2025-08-01,201,chouine,CA,260.9,3,10/5/0,66.7,15,307.7
2025-08-01,202,GIANNIS P.,GR,258.7,-11.8,43/50/2,46.3,71,296.2
2025-08-01,203,BRUHEGUS911,RU,257.4,2,66/137/3,32.8,97,284.4
2025-08-01,204,TheKing,BE,256.9,4,39/52/4,43.2,64,317.1
2025-08-01,205,TheSweetieMan,US,256.3,+24.5,130/176/5,42.6,160,315.7
2025-08-01,206,Dirk Drent,ZZ,255.8,9,19/21/0,47.5,30,291.4
2025-08-01,207,RadicalLibre,DO,255.0,-22.2,145/166/5,46.7,126,243.6
2025-08-01,208,ConKord,GR,253.6,+17.2,614/634/16,49.2,260,275.7
2025-08-01,209,Ready Player One,US,249.7,-11.3,152/274/2,35.7,156,306.8
2025-08-01,210,dalee,GR,248.6,6,13/23/0,36.1,30,313.1
2025-08-01,211,Bratwurst,DE,246.4,11,7/8/0,46.7,13,376.7
2025-08-01,212,ironman,BE,244.7,1,62/66/8,48.5,76,283.9
2025-08-01,213,VelvetLucky13,NU,244.5,9,35/46/6,43.7,59,297.1
2025-08-01,214,Gecko,CA,243.3,4,11/10/1,52.3,17,254.3
2025-08-01,215,CWJ,ZZ,241.2,1,163/166/3,49.5,143,296.1
2025-08-01,216,jaxr,AW,238.6,1,39/56/0,41.1,71,291.3
2025-08-01,217,Darth Lord,US,234.9,+1.6,18/15/0,54.5,23,167.5
2025-08-01,218,Hannibaal Barca,LB,231.5,+23.0,32/64/1,33.5,73,343.5
2025-08-01,219,johnk1970,GR,227.3,9,11/21/1,34.8,27,376.4
2025-08-01,220,Dunk90,US,226.5,-7.1,227/285/1,44.3,150,299.0
2025-08-01,221,artav,US,225.7,-2.4,152/151/2,50.2,132,299.9
2025-08-01,222,Homer,ES,221.2,+14.1,50/63/3,44.4,79,297.1
2025-08-01,223,Zman,US,220.7,-9.0,52/92/1,36.2,93,309.7
2025-08-01,224,Babycorn,US,219.3,+48.0,51/98/3,34.5,82,314.4
2025-08-01,225,unreachableNO1,GR,218.5,+22.9,62/97/4,39.3,102,302.1
2025-08-01,226,dings,NL,215.5,+16.2,162/288/5,36.2,155,297.0
2025-08-01,227,Virtual Hero,BE,215.4,10,136/189/1,41.9,176,292.6
2025-08-01,228,ajax,NL,214.2,1,122/168/5,42.2,130,305.2
2025-08-01,229,cycy17,BE,212.8,3,114/202/1,36.1,160,325.6
2025-08-01,230,1976Diamonds,GR,212.3,+4.4,115/143/2,44.6,106,302.6
2025-08-01,231,balou,BE,212.1,+25.0,149/207/4,41.9,158,235.1
2025-08-01,232,Sober_Killer,US,211.3,4,60/87/0,40.8,88,333.5
2025-08-01,233,Sicosi25,PA,211.2,+12.1,155/236/2,39.7,166,309.8
2025-08-01,234,Knightsnake,US,211.0,1,9/8/0,52.9,16,188.6
2025-08-01,235,Smiley,NL,210.4,2,31/38/1,45.0,55,256.7
2025-08-01,236,MagezuficA,BA,209.8,-3.8,436/823/11,34.8,257,319.5
2025-08-01,237,player-mgk,BE,206.5,1,30/48/2,38.8,56,312.4
2025-08-01,238,Redeyes,GR,205.9,2,224/405/8,35.8,204,300.3
2025-08-01,239,dyrson,BR,205.8,-12.6,348/473/7,42.5,228,313.3
2025-08-01,240,Tooney13!,SB,205.1,-31.4,165/181/6,47.7,151,282.4
2025-08-01,241,HARALD,BE,204.6,-14.9,403/491/13,45.1,239,250.5
2025-08-01,242,Grobu,GB,199.9,+7.8,86/211/0,29.0,125,304.3
2025-08-01,243,Moneymaker,US,199.3,+24.2,114/118/0,49.1,126,239.4
2025-08-01,244,Playerr007,ZZ,198.7,-6.7,13/8/0,61.9,17,199.1
2025-08-01,245,Bojak,IL,197.6,+11.2,261/531/8,33.1,216,316.3
2025-08-01,246,fazi,AT,197.1,-4.8,126/170/7,42.7,136,301.1
2025-08-01,247,jim,FM,196.2,15,9/5/0,64.3,14,199.1
2025-08-01,248,Miss Aida,US,191.9,-20.9,289/263/8,52.3,180,223.8
2025-08-01,249,Player4992-eri,ZZ,190.7,12,111/157/3,41.5,123,269.8
2025-08-01,250,SKOOGLE,IS,190.1,+6.8,127/318/4,28.7,180,316.8
2025-08-01,251,Enhordes,GR,188.9,+31.8,239/391/21,38.3,178,293.3
2025-08-01,252,The courtier,BR,187.4,+11.9,405/787/2,34.0,231,314.6
2025-08-01,253,HUH?,DE,183.5,2,63/96/4,39.9,99,278.0
2025-08-01,254,Blue Tom,AT,183.4,5,14/31/1,31.5,36,321.5
2025-08-01,255,CNY,US,182.2,-4.1,79/116/8,40.9,112,251.6
2025-08-01,256,Joker,LU,181.6,-16.5,465/704/26,40.0,245,266.1
2025-08-01,257,Branko Jevremov,RS,179.4,-8.6,91/169/5,35.3,132,320.9
2025-08-01,258,MURAT,IT,178.6,+0.1,21/30/1,41.3,35,276.0
2025-08-01,259,Blackstar,DE,176.5,+7.4,10/5/0,66.7,13,167.9
2025-08-01,260,Major Skillissue,AQ,174.3,6,11/18/0,37.9,25,303.0
2025-08-01,261,R1sky Bus1ness,US,174.2,2,37/67/3,36.0,69,269.2
2025-08-01,262,hrn,CH,173.8,+55.9,13/18/1,42.2,25,329.6
2025-08-01,263,KCore,ES,172.3,+6.2,114/148/1,43.5,109,257.4
2025-08-01,264,duku77,NL,171.6,4,59/98/2,37.7,108,287.3
2025-08-01,265,Rayley3,CA,169.2,1,15/27/0,35.7,35,285.8
2025-08-01,266,Ray Ving,ZZ,169.2,4,104/178/0,36.9,126,263.3
2025-08-01,267,FLAFLOS,GR,167.6,25,50/92/2,35.4,91,330.2
2025-08-01,268,GBigs,CA,164.5,+13.4,19/44/0,30.2,44,295.6
2025-08-01,269,Pretzel Logic,BS,160.7,-46.0,454/703/7,39.3,259,318.3
2025-08-01,270,Flagon,ES,155.8,1,34/36/0,48.6,56,213.3
2025-08-01,271,Fairweigh,CX,155.2,+39.4,240/354/15,40.6,171,301.1
2025-08-01,272,Al Hakeem,FR,147.4,2,55/95/4,37.0,99,255.6
2025-08-01,273,Yas,FR,146.8,15,108/181/3,37.5,132,314.5
2025-08-01,274,Mello,IT,145.2,-37.1,193/384/3,33.5,187,282.2
2025-08-01,275,Franz K.,DE,143.4,+1.5,42/77/0,35.3,80,289.6
2025-08-01,276,KAOS Agent,US,142.9,-8.3,196/217/5,47.5,143,239.0
2025-08-01,277,SHARK,ZZ,142.2,-2.0,74/195/0,27.5,120,335.1
2025-08-01,278,Forestman,NL,139.4,+19.9,98/117/2,45.6,118,219.6
2025-08-01,279,SlowPony17,CA,135.7,3,11/9/0,55.0,18,189.5
2025-08-01,280,trintingnant,AG,134.1,1,114/248/0,31.5,167,290.0
2025-08-01,281,Notorous RSL,CR,132.7,-20.9,276/594/3,31.8,226,292.1
2025-08-01,282,alextrip,GR,131.6,+3.2,102/221/2,31.7,150,311.6
2025-08-01,283,Tamarindo,US,128.9,1,125/244/11,34.3,163,338.2
2025-08-01,284,Dankan,CH,125.5,2,32/58/4,36.2,66,302.2
2025-08-01,285,mgz1408,AT,123.6,-14.6,139/225/1,38.2,120,271.3
2025-08-01,286,Ricardo Rao,BR,123.2,13,5/15/0,25.0,16,362.0
2025-08-01,287,El destructivore,CA,122.2,15,29/58/1,33.5,69,280.5
2025-08-01,288,DimitrisTr,GR,121.7,-11.0,61/155/4,28.6,117,280.1
2025-08-01,289,fred77,MA,121.5,+7.2,150/421/6,26.5,196,308.5
2025-08-01,290,schive24,US,120.9,20,12/23/0,34.3,30,289.7
2025-08-01,291,Odysseus,GR,118.3,11,16/33/0,32.7,36,262.8
2025-08-01,292,davids,ZZ,117.8,20,5/9/0,35.7,11,263.7
2025-08-01,293,Cstone22,US,117.3,+11.1,3/13/0,18.8,15,282.5
2025-08-01,294,queensbury,US,116.4,-10.8,111/199/3,35.9,142,261.8
2025-08-01,295,Spy Defense,US,115.1,8,134/151/4,47.1,119,166.1
2025-08-01,296,evdog104,PS,113.9,+32.0,76/120/0,38.8,100,220.8
2025-08-01,297,SlipperySquares,US,109.9,18,13/28/0,31.7,33,250.4
2025-08-01,298,General Thompson,US,109.6,2,60/137/0,30.5,114,273.2
2025-08-01,299,Cannon,UA,107.6,-98.4,425/818/19,34.4,254,337.7
2025-08-01,300,Astore,IT,106.1,+6.9,138/351/2,28.3,168,317.0
2025-08-01,301,#LionWar,BE,104.0,5,21/44/0,32.3,49,303.6
2025-08-01,302,Missed take,ZZ,102.2,7,20/53/0,27.4,53,313.5
2025-08-01,303,DeitySlayer,US,102.1,-8.8,80/247/2,24.6,134,319.8
2025-08-01,304,FloydPink,US,101.0,27,4/14/0,22.2,17,290.5
2025-08-01,305,IRONJAW,US,96.6,3,33/96/1,25.8,90,267.2
2025-08-01,306,400tui,CA,95.0,1,58/217/0,21.1,118,339.6
2025-08-01,307,Boris,UA,93.9,3,5/21/0,19.2,25,309.9
2025-08-01,308,Shivaanoz,BE,93.6,-6.5,65/169/1,27.9,122,292.4
2025-08-01,309,Sirdabomb123,US,91.6,3,22/71/1,23.9,59,330.7
2025-08-01,310,Fifika_55,GR,87.3,12,8/22/0,26.7,28,277.2
2025-08-01,311,MarshalBlitzer#1,ZZ,82.4,1,269/533/3,33.6,212,268.3
2025-08-01,312,BigJeffyJ,GR,79.6,6,19/49/0,27.9,48,294.2
2025-08-01,313,Viliciri,US,76.6,5,5/9/0,35.7,13,204.7
2025-08-01,314,MegalosStratilatis,GR,74.1,18,29/45/2,39.5,43,124.5
2025-08-01,315,NMN16,AU,70.7,+4.7,18/64/1,22.3,54,319.7
2025-08-01,316,malakoboukoma,GR,68.7,1,74/134/0,35.6,133,313.9
2025-08-01,317,Davmholms,US,66.1,-27.4,128/310/2,29.3,146,256.7
2025-08-01,318,FHBJNRNG,US,66.1,20,4/17/1,20.5,19,304.7
2025-08-01,319,arne pellaers,BE,62.5,+7.2,11/28/1,28.8,29,227.4
2025-08-01,320,Gmans revenge,US,58.9,14,53/130/0,29.0,91,256.4
2025-08-01,321,Marckid342,ZZ,58.1,-22.0,287/676/1,29.8,240,282.0
2025-08-01,322,ThPicard,DE,49.5,15,46/120/0,27.7,104,311.2
2025-08-01,323,jagger314,BR,45.3,+7.8,27/108/1,20.2,76,269.6
2025-08-01,324,guib543,BE,29.0,+12.1,13/60/1,18.2,59,281.6
2025-08-01,325,Karl XII,SE,20.3,27,35/69/0,33.7,65,198.4
2025-08-01,326,alexzan,GR,19.3,-20.9,7/24/0,22.6,26,270.2
2025-08-01,327,AYou,ZZ,14.9,13,3/13/0,18.8,14,315.7
2025-08-01,328,genti89,IT,13.7,18,3/8/0,27.3,10,239.9
2025-08-01,329,honda08,GR,13.1,-9.0,9/40/1,19.0,37,255.6
2025-08-01,330,Dark Lord,US,11.5,-5.9,7/42/0,14.3,30,300.4
2025-08-01,331,ambiorix,BE,8.9,-5.5,71/201/1,26.2,123,265.4
2026-08-27,1,Winner,US,792.3,1,103/33/2,75.4,43,583.9
2026-08-27,2,Nemesis,US,731.6,+42.8,241/112/10,67.8,106,537.9
2026-08-27,3,Mirage,AU,708.4,-52.7,317/153/6,67.2,126,525.2
2026-08-27,4,Maelstrom,CA,706.8,+7.0,530/219/13,70.4,129,538.9
2026-08-27,5,Eagle06,CH,705.3,3,119/21/8,83.1,91,399.8
2026-08-27,6,embracingracialunity.org,US,695.6,-15.2,185/18/0,91.1,120,226.6
2026-08-27,7,kamikaze,GB-SCT,690.1,1,232/61/3,78.9,98,457.0
2026-08-27,8,Hielco,NL,671.1,5,11/12/1,47.9,14,623.9
2026-08-27,9,BFG,NL,661.3,+8.5,32/10/1,75.6,35,444.3
2026-08-27,10,Diddy,ZZ,644.3,-52.3,262/117/6,68.8,104,473.4
2026-08-27,11,Fairway,US,629.9,1,88/35/5,70.7,71,411.3
2026-08-27,12,Karolus,PL,619.2,3,36/26/0,58.1,42,552.2
2026-08-27,13,zach21,US,617.3,+4.6,112/87/7,56.1,66,520.3
2026-08-27,14,Lottorush,US,614.0,+11.5,337/169/10,66.3,145,429.1
2026-08-27,15,Kanonenkeks,DE,612.8,+5.6,350/182/3,65.7,155,439.9
2026-08-27,16,eb124,BE,612.3,-4.7,9/5/1,63.3,13,496.2
2026-08-27,17,Sekertzis1973,GR,603.9,+4.5,475/195/17,70.4,165,433.2
2026-08-27,18,Frosty :),US,597.8,1,132/154/3,46.2,51,618.2
2026-08-27,19,Garulfo,NL,597.0,-13.6,45/30/2,59.7,47,503.5
2026-08-27,20,DIVERGENT,AU,593.0,2,62/44/2,58.3,61,484.7
2026-08-27,21,PokerFace,ZA,590.7,2,247/98/8,71.1,144,383.6
2026-08-27,22,SIR_Bal,GR,582.7,17,11/8/0,57.9,17,488.2
2026-08-27,23,garlick,FR,573.8,+47.3,256/228/13,52.8,128,471.1
2026-08-27,24,OVERLORD,GR,571.8,1,231/78/4,74.4,112,480.9
2026-08-27,25,411 Discipline,US,571.3,4,82/30/2,72.8,67,382.5
2026-08-27,26,sweet52,ZZ,569.4,7,40/5/0,88.9,31,368.8
2026-08-27,27,gpet0,GR,568.4,+14.6,790/440/20,64.0,242,386.3
2026-08-27,28,kartoffelfresser,ZZ,566.4,7,81/98/3,45.3,73,520.5
2026-08-27,29,Henry domerkant,GR,565.2,+3.4,542/298/22,64.2,183,478.1
2026-08-27,30,Bad Milo,NL,560.7,5,26/22/1,54.1,30,552.3
2026-08-27,31,gkaros,GR,560.4,+12.3,28/19/0,59.6,32,495.0
2026-08-27,32,Unseen Hero,GR,559.0,+66.0,581/281/7,67.3,244,356.6
2026-08-27,33,recar,US,554.5,+7.6,70/21/7,75.0,44,306.5
2026-08-27,34,Stelios,GR,554.5,+18.0,114/46/0,71.3,88,401.5
2026-08-27,35,Ollie,CA,553.9,-21.3,413/211/18,65.7,214,340.6
2026-08-27,36,Nightwolf,NR,551.2,+13.0,239/44/5,83.9,176,227.7
2026-08-27,37,tonylaw44,GR,535.8,-27.0,765/300/11,71.6,270,349.1
2026-08-27,38,warlock,US,526.0,+15.4,207/120/7,63.0,117,415.9
2026-08-27,39,Napoleon 1er,CH,525.2,-9.3,82/51/4,61.3,66,443.3
2026-08-27,40,Jack,ZZ,518.3,-26.6,122/102/5,54.4,93,459.8
2026-08-27,41,Spartacus,NL,516.7,4,273/166/9,61.9,161,367.9
2026-08-27,42,mirmidonas,GR,512.3,+17.0,82/21/0,79.6,65,241.4
2026-08-27,43,KingTubby,JM,496.6,-23.7,335/153/7,68.4,188,368.8
2026-08-27,44,Duncan,NL,494.0,12,32/30/1,51.6,42,496.2
2026-08-27,45,PHAETHON,GR,493.7,1,184/135/9,57.5,137,407.3
2026-08-27,46,LAHSRAM,CN,492.8,-12.4,103/84/0,55.1,58,522.9
2026-08-27,47,Display,ZZ,491.1,+43.9,43/22/1,65.9,45,384.0
2026-08-27,48,Odo,NL,488.6,+12.7,157/86/7,64.2,136,340.0
2026-08-27,49,Karma,AU,486.6,+24.4,95/113/1,45.7,83,525.7
2026-08-27,50,Skyfall,BE,485.1,+11.6,212/107/5,66.2,136,420.6
2026-08-27,51,Morx,NL,480.7,5,39/19/4,66.1,42,396.1
2026-08-27,52,XXXStrategy,CA,478.5,+12.6,59/20/3,73.8,57,316.7
2026-08-27,53,Andreas94,GR,478.3,+64.7,235/212/4,52.5,151,401.0
2026-08-27,54,Pinnacle,ZZ,477.3,2,41/10/3,78.7,46,307.9
2026-08-27,55,Tomba,BE,476.0,1,31/8/0,79.5,31,235.4
2026-08-27,56,Pericoperez,ES,472.8,17,87/73/2,54.3,75,356.5
2026-08-27,57,Don Mitsos,GR,472.5,+10.7,448/228/14,65.9,185,384.4
2026-08-27,58,Samuel,GB,470.2,+6.7,415/292/17,58.5,185,416.5
2026-08-27,59,roeczak,GR,468.8,2,38/42/1,47.5,47,476.1
2026-08-27,60,guibui,DE,464.7,5,495/144/7,77.2,238,276.4
2026-08-27,61,Rich piana,GR,464.3,-29.0,106/89/2,54.3,116,350.2
2026-08-27,62,Jerry,US,463.4,7,15/7/2,66.7,22,328.3
2026-08-27,63,Donnafugata,IT,460.1,-9.8,249/49/2,83.3,173,195.5
2026-08-27,64,Who Cares?,DE,460.0,+90.8,610/526/16,53.6,225,402.3
2026-08-27,65,Barri,ES,459.8,4,43/26/1,62.1,51,368.2
2026-08-27,66,JIREN,PE,459.2,-1.9,162/149/10,52.0,105,495.7
2026-08-27,67,Nick Dusk,ZZ,458.9,+74.9,212/146/6,59.1,153,330.6
2026-08-27,68,Vindicta,US,458.3,19,225/133/5,62.7,114,430.3
2026-08-27,69,FGP_,GR,457.1,-7.8,105/46/4,69.0,99,300.9
2026-08-27,70,Kostass2506,GR,454.5,+19.4,528/440/30,54.4,214,407.6
2026-08-27,71,milad,SE,449.4,+36.6,455/477/21,48.8,210,426.5
2026-08-27,72,banana_hammock,US,448.8,-22.1,532/225/22,69.7,238,320.6
2026-08-27,73,Knightsnake,US,447.9,+2.4,163/46/3,77.6,99,189.0
2026-08-27,74,Rambo,AU,445.5,+25.6,254/156/5,61.8,169,336.2
2026-08-27,75,Yo mamas,BA,445.2,-0.6,853/767/5,52.6,253,330.6
2026-08-27,76,skaven,NO,442.7,-13.5,63/48/5,56.5,81,382.0
2026-08-27,77,ICANMAKEUFAMOUS,BF,441.1,3,93/66/3,58.3,96,337.2
2026-08-27,78,Atraf,IL,440.9,-13.0,244/137/5,63.9,140,370.8
2026-08-27,79,Tasos.kaps,GR,439.6,-11.3,165/100/2,62.2,142,347.0
2026-08-27,80,Guest Mystery,NL,435.4,+11.6,45/26/3,62.8,55,334.3
2026-08-27,81,Ides_Of_March_NC,US,434.1,3,182/69/16,71.2,134,274.3
2026-08-27,82,Grizzlybear,DE,433.6,+20.3,58/36/5,61.1,71,368.6
2026-08-27,83,TourniKID,DE,433.5,16,44/29/2,60.0,63,356.6
2026-08-27,84,Barbarians,GI,431.5,+0.6,206/129/6,61.3,150,350.5
2026-08-27,85,Vexplop,ZZ,430.9,-39.7,514/494/4,51.0,226,395.8
2026-08-27,86,crusader,GR,429.8,-5.8,242/158/6,60.3,166,342.1
2026-08-27,87,Chaidari,GR,426.4,+11.5,358/285/2,55.7,214,292.6
2026-08-27,88,DontCryWhenILottoU,US,418.6,-62.9,646/674/4,48.9,286,305.8
2026-08-27,89,HazMate14,AU,417.4,-2.3,85/53/6,61.1,92,311.2
2026-08-27,90,ruined_creature,MX,416.9,+43.0,801/587/18,57.6,266,351.1
2026-08-27,91,The Seventh Seal,US,415.5,-16.0,108/69/1,61.0,106,344.8
2026-08-27,92,Späher,DE,413.6,3,57/43/3,56.8,74,336.8
2026-08-27,93,skeptikistis,GR,410.4,3,17/9/3,63.8,24,352.9
2026-08-27,94,Jovo,IT,407.9,10,39/19/1,66.9,48,284.1
2026-08-27,95,Wnehme,LB,403.6,-20.3,239/140/5,62.9,157,347.1
2026-08-27,96,Marmal,NL,402.7,+5.0,413/307/9,57.3,219,372.5
2026-08-27,97,BATTLECRY,AU,400.7,+46.1,77/90/0,46.1,89,409.9
2026-08-27,98,CORNERFLAGLEFT,ZZ,400.7,1,188/146/5,56.2,149,340.6
2026-08-27,99,BurningGoldfish,ZZ,400.7,2,8/4/1,65.4,13,346.5
2026-08-27,100,Leppie,BE,400.7,12,21/16/2,56.4,33,350.0
2026-08-27,101,Roland,GB,398.7,1,166/158/1,51.2,120,323.3
2026-08-27,102,TheBlackDress,US,398.6,1,138/73/1,65.3,116,326.0
2026-08-27,103,Liogreen,AT,398.5,-68.9,157/157/5,50.0,147,479.1
2026-08-27,104,AmazingGeorges,CA,397.7,2,97/93/5,51.0,109,370.7
2026-08-27,105,green panther,AT,396.2,5,66/56/0,54.1,76,359.1
2026-08-27,106,Mr PEP,GP,395.9,20,158/124/2,56.0,140,283.1
2026-08-27,107,player-anw,US,395.1,1,65/38/2,62.9,79,302.8
2026-08-27,108,TemplateRex,NL,390.0,+9.0,36/26/0,58.1,48,278.9
2026-08-27,109,an_album_cover,NZ,389.7,1,131/78/0,62.7,136,299.8
2026-08-27,110,KarnaVNP,SR,387.4,4,15/8/3,63.5,23,327.9
2026-08-27,111,NavyJoe,US,387.3,-5.9,86/52/0,62.3,94,315.3
2026-08-27,112,SETTLER,TZ,382.7,-15.6,446/349/9,56.0,151,396.0
2026-08-27,113,Kuni,US,382.3,6,13/4/1,75.0,15,342.6
2026-08-27,114,Katama,NL,379.2,2,33/34/0,49.3,55,371.4
2026-08-27,115,WTF,GR,379.0,4,163/109/1,59.9,136,335.4
2026-08-27,116,Thanathos,IT,376.8,+10.4,450/376/10,54.4,235,301.7
2026-08-27,117,Biber1,DE,375.4,4,20/10/1,66.1,28,292.6
2026-08-27,118,Pieter,NL,374.0,+19.9,132/104/4,55.8,119,366.9
2026-08-27,119,IKnowThingsGood,US,366.2,1,107/79/3,57.4,113,288.2
2026-08-27,120,Spears,ES,364.7,26,419/323/7,56.4,182,316.6
2026-08-27,121,Lord Vader,US,356.5,-17.9,188/137/0,57.8,138,315.4
2026-08-27,122,Pseudoknight,ZZ,356.2,28,180/134/3,57.3,136,285.1
2026-08-27,123,GORLAMI,ZZ,355.8,+16.0,269/247/31,52.0,174,338.9
2026-08-27,124,Alexander007,DE,355.2,3,18/18/0,50.0,32,335.0
2026-08-27,125,Sirius,GR,353.7,1,149/119/4,55.5,119,284.4
2026-08-27,126,(mind_is_blown),CA,353.1,+1.4,193/213/3,47.6,171,320.0
2026-08-27,127,philchillas,GB,352.9,+13.6,196/191/0,50.6,182,305.2
2026-08-27,128,Roger Oncemore II,DE,352.6,+13.0,131/114/11,53.3,148,307.6
2026-08-27,129,marcheese,CA,352.3,2,105/80/10,56.4,102,381.7
2026-08-27,130,bobstack,US,351.8,-8.5,40/30/0,57.1,57,279.9
2026-08-27,131,Meoww,NL,350.0,-26.1,77/63/5,54.8,97,359.6
2026-08-27,132,Battle Tested,US,349.3,+13.5,23/16/0,59.0,34,238.8
2026-08-27,133,joeli,DE,349.0,+3.6,67/51/0,56.8,75,326.0
2026-08-27,134,knickles,US,348.4,-12.0,75/32/1,69.9,65,198.1
2026-08-27,135,Ghostzapper,US,348.4,27,115/57/2,66.7,112,274.4
2026-08-27,136,OZZZY,CA,347.6,1,55/51/2,51.9,78,317.9
2026-08-27,137,Timmy,GB,347.2,-2.3,304/272/15,52.7,215,326.0
2026-08-27,138,Isi,GR,345.4,+12.2,143/159/0,47.4,153,312.4
2026-08-27,139,MigmaShelter,JP,342.3,1,13/13/0,50.0,22,343.2
2026-08-27,140,RashCobra105,BT,341.1,+14.0,31/19/0,62.0,39,317.4
2026-08-27,141,MacyTheBlackCAT,US,340.1,+0.8,402/403/18,49.9,229,351.3
2026-08-27,142,Jossy,DE,339.4,-9.9,86/85/6,50.3,85,311.3
2026-08-27,143,Commish,US,337.7,+11.2,460/457/7,50.2,252,312.9
2026-08-27,144,theos,GR,336.5,1,17/14/1,54.7,27,289.1
2026-08-27,145,molswi,CA,335.7,-14.0,123/118/6,51.0,143,286.9
2026-08-27,146,Goldeneyes,HU,335.2,-2.7,312/293/20,51.5,235,302.0
2026-08-27,147,fungio,ZZ,334.6,-11.7,239/214/8,52.7,178,306.3
2026-08-27,148,Martisio,ES,334.5,-24.1,83/62/3,57.1,104,290.2
2026-08-27,149,Guventus,GB,334.2,-1.3,263/245/4,51.8,177,324.7
2026-08-27,150,BaronNr1,NL,333.9,2,11/15/0,42.3,23,290.6
2026-08-27,151,Pintel,US,333.7,+0.2,97/66/3,59.3,100,269.8
2026-08-27,152,mindfocus,BE,332.3,+2.9,16/5/1,75.0,18,257.5
2026-08-27,153,Blackstar,DE,332.1,1,19/9/0,67.9,24,213.1
2026-08-27,154,Cutie,CX,331.6,4,94/79/1,54.3,103,284.0
2026-08-27,155,Implabable,US,330.7,-94.3,25/15/0,62.5,36,291.6
2026-08-27,156,Jack*Of*Trades,US,329.2,+5.9,97/107/1,47.6,116,311.8
2026-08-27,157,BIGBOOM,US,328.3,+6.7,45/52/2,46.5,70,332.6
2026-08-27,158,Tilor,US,323.5,-27.5,73/64/5,53.2,98,318.3
2026-08-27,159,Lawww,US,318.8,5,104/92/6,53.0,124,255.2
2026-08-27,160,Just4fun,ZW,317.7,14,32/21/3,59.8,46,238.4
2026-08-27,161,Unflagged,ZZ,317.4,20,41/47/5,46.8,60,326.0
2026-08-27,162,Petra,US,317.0,9,241/173/0,58.2,167,332.9
2026-08-27,163,WICKED LESTER,US,316.8,2,79/54/1,59.3,69,250.1
2026-08-27,164,skl,ZZ,313.7,+5.3,287/207/7,58.0,217,266.2
2026-08-27,165,Mamadou,AO,313.7,-27.9,50/26/1,65.6,64,234.5
2026-08-27,166,Tomjonas,VA,313.6,-12.0,266/274/10,49.3,194,303.9
2026-08-27,167,MagezuficA,PS,312.4,+22.3,155/236/2,39.7,166,316.6
2026-08-27,168,Eise the Great,NL,311.2,-19.7,57/47/3,54.7,71,300.8
2026-08-27,169,Noscope420,US,310.9,4,65/54/3,54.5,79,287.9
2026-08-27,170,cde,ZZ,309.8,6,7/6/0,53.8,10,175.2
2026-08-27,171,TheRick616,CA,309.6,1,26/24/0,52.0,38,314.6
2026-08-27,172,Kloppo09,DE,308.2,1,30/36/0,45.5,53,347.7
2026-08-27,173,Fairweigh,CX,306.5,+23.0,306/312/16,49.5,230,303.8
2026-08-27,174,SmokingGun,SY,306.4,+12.6,231/240/6,49.1,184,308.8
2026-08-27,175,morias,GR,305.8,5,26/32/0,44.8,49,308.8
2026-08-27,176,Nickie,BE,305.3,17,8/3/0,72.7,11,178.7
2026-08-27,177,The CAP,US,304.8,1,168/195/5,46.3,181,299.7
2026-08-27,178,Kranevitter,NL,304.1,+8.1,142/114/4,55.4,137,302.3
2026-08-27,179,Nyord,DK,302.7,+18.7,61/59/4,50.8,81,260.8
2026-08-27,180,Plátano,PA,301.4,8,45/47/1,48.9,61,292.0
2026-08-27,181,Marschall82,DE,301.2,1,119/116/2,50.6,109,292.1
2026-08-27,182,cycy17,BE,301.2,+8.1,106/159/2,40.1,154,291.5
2026-08-27,183,Pizza70 wow,IT,297.1,-5.8,405/396/7,50.6,237,296.5
2026-08-27,184,Venom,US,295.7,5,154/178/3,46.4,131,324.3
2026-08-27,185,VAGABOND JOE,US,295.4,-10.2,71/69/5,50.7,101,298.3
2026-08-27,186,Strategos,NL,294.5,+30.6,220/193/7,53.2,174,291.2
2026-08-27,187,Samos,ZZ,293.3,1,15/13/1,53.4,26,279.0
2026-08-27,188,Pretzel Logic,BS,292.0,-36.4,372/421/6,46.9,239,301.6
2026-08-27,189,player-mag,BE,291.3,3,34/23/0,59.6,46,183.9
2026-08-27,190,Zevy,GE,290.9,+30.0,112/87/4,56.2,116,265.1
2026-08-27,191,Daniel G,US,290.4,+18.7,387/434/5,47.2,233,302.4
2026-08-27,192,TheKing,BE,289.7,3,10/6/0,62.5,15,220.3
2026-08-27,193,dindo,MT,288.9,-26.6,483/428/13,53.0,278,285.5
2026-08-27,194,Chainsaw Man,IE,287.9,-47.3,926/836/21,52.5,305,287.0
2026-08-27,195,Empalador,ZZ,286.3,3,529/488/9,52.0,226,307.5
2026-08-27,196,SolusVeritas,US,284.7,3,27/18/0,60.0,34,235.3
2026-08-27,197,Sibelius,EE,283.7,5,30/26/2,53.4,42,246.1
2026-08-27,198,federer,ES,282.4,1,64/68/17,48.7,101,246.6
2026-08-27,199,Suspicious99,DE,280.5,1,30/25/0,54.5,47,243.0
2026-08-27,200,Prince of Thieves,NL,280.0,-8.7,49/38/2,56.2,65,225.0
2026-08-27,201,Colinbbost,GR,275.6,-0.4,30/39/1,43.6,52,345.3
2026-08-27,202,Dirk Drent,ZZ,274.7,1,193/211/1,47.8,150,265.9
2026-08-27,203,JustBeFactual,ZZ,274.4,-19.9,139/123/4,53.0,141,275.8
2026-08-27,204,Pepicio,ES,272.1,22,33/34/1,49.3,37,291.4
2026-08-27,205,Mantis,US,271.5,-10.0,258/244/6,51.4,185,312.4
2026-08-27,206,artav,US,271.1,1,233/192/5,54.8,178,323.6
2026-08-27,207,hammond,ZZ,269.4,+15.5,43/59/0,42.2,77,323.7
2026-08-27,208,FelixG,MX,267.6,-7.7,179/184/0,49.3,168,306.7
2026-08-27,209,Homer,ES,266.9,+5.5,81/91/3,47.1,112,302.1
2026-08-27,210,Sozo,US,265.0,1,67/63/0,51.5,73,277.6
2026-08-27,211,Pepico,JP,265.0,-4.8,14/18/0,43.8,21,312.4
2026-08-27,212,aaron5000,US,264.6,12,9/8/0,52.9,16,261.6
2026-08-27,213,Yanis,GR,264.4,8,78/94/1,45.4,115,310.0
2026-08-27,214,johnny d,GR,263.4,-46.6,326/390/8,45.6,238,289.5
2026-08-27,215,Mercer,US,262.2,21,29/22/1,56.7,43,254.6
2026-08-27,216,GIANNIS P.,GR,261.6,19,20/38/1,34.7,41,363.5
2026-08-27,217,DAG1105,CL,261.0,-31.1,341/337/6,50.3,221,306.8
2026-08-27,218,KAOS Agent,US,260.7,7,284/291/9,49.4,213,194.2
2026-08-27,219,1976Diamonds,GR,260.1,-10.3,300/339/7,47.0,184,325.6
2026-08-27,220,ConKord,GR,258.3,-19.4,363/395/10,47.9,239,255.2
2026-08-27,221,Silverhammer,US,256.3,2,35/31/1,53.0,48,251.2
2026-08-27,222,Tooney13!,CA,256.3,+0.1,124/124/3,50.0,122,288.6
2026-08-27,223,rave55,IN,254.9,+19.9,688/689/27,50.0,323,289.0
2026-08-27,224,floki,BE,253.5,6,15/16/0,48.4,29,283.1
2026-08-27,225,Redeyes,GR,250.8,1,34/39/1,46.6,64,293.0
2026-08-27,226,BokiLender,RS,250.0,-57.3,487/423/25,53.4,290,253.7
2026-08-27,227,Nikiforos Fokas,GR,248.7,-10.0,163/226/0,41.9,160,323.8
2026-08-27,228,Simply The Best,US,248.6,+33.1,68/63/3,51.9,91,252.1
2026-08-27,229,duku77,NL,246.6,+28.8,124/154/5,44.7,132,271.5
2026-08-27,230,Hannibaal Barca,LB,242.4,25,10/14/0,41.7,23,356.0
2026-08-27,231,Lone ranger,ZZ,241.1,+14.1,54/80/1,40.4,77,321.0
2026-08-27,232,Mathias,BE,240.1,16,13/18/1,42.2,21,313.5
2026-08-27,233,Malfun Maboun,DE,239.1,1,52/50/1,51.0,76,280.5
2026-08-27,234,Moneymaker,US,238.8,2,84/96/0,46.7,111,248.6
2026-08-27,235,Sicosi25,PA,238.4,+35.8,233/347/6,40.3,196,309.1
2026-08-27,236,ActionDan,US,237.1,4,87/115/2,43.1,119,286.1
2026-08-27,237,Chillado,RU,236.6,+37.0,203/295/3,40.8,211,253.4
2026-08-27,238,Enterprise,MH,236.3,-5.9,23/33/2,41.4,47,311.3
2026-08-27,239,Flag Man,US,235.3,-15.4,37/51/1,42.1,62,302.1
2026-08-27,240,MintFlavouredMarshal,DE,234.7,-7.8,21/17/1,55.1,34,241.1
2026-08-27,241,Hero,GR,234.3,-8.5,339/348/16,49.4,217,309.6
2026-08-27,242,hakster,ZZ,233.5,17,42/62/1,40.5,65,317.0
2026-08-27,243,anthoula,IS,233.5,10,17/17/0,50.0,32,269.4
2026-08-27,244,theoneandonly,ZZ,233.0,-12.1,120/112/3,51.7,108,236.2
2026-08-27,245,Silverwing92,NL,232.3,1,19/19/0,50.0,33,264.1
2026-08-27,246,Serv1,GR,232.3,-5.9,48/74/1,39.4,82,300.4
2026-08-27,247,Miss Aida,US,230.1,-7.2,190/161/4,54.1,171,197.7
2026-08-27,248,LSR70,BE,228.8,-28.2,408/375/31,52.0,226,325.6
2026-08-27,249,LittleGuy,ZZ,228.6,-52.4,521/642/14,44.9,264,273.1
2026-08-27,250,Agrippa,US,228.0,+44.9,27/39/1,41.0,46,275.2
2026-08-27,251,Sober_Killer,US,226.3,11,91/109/2,45.5,115,306.4
2026-08-27,252,Juan_McDavidson,ZZ,222.1,1,47/45/0,51.1,67,208.4
2026-08-27,253,alkisagg,CA,220.9,23,37/47/1,44.1,61,270.1
2026-08-27,254,SNIK,GR,219.9,4,6/9/0,40.0,13,348.6
2026-08-27,255,Rolex_Cowboy,US,218.9,-10.0,208/239/6,46.6,190,312.4
2026-08-27,256,schnobi,CH,217.8,-0.1,275/406/6,40.5,227,315.6
2026-08-27,257,Missouri,NL,217.5,4,53/77/1,40.8,89,300.6
2026-08-27,258,Blue Tom,AT,216.4,+11.3,53/71/1,42.8,86,269.2
2026-08-27,259,ZOOGRAFOS,GR,216.3,-43.7,151/131/4,53.5,126,311.8
2026-08-27,260,Trajan,US,215.6,8,5/7/0,41.7,12,331.1
2026-08-27,261,Cannon,UA,213.2,21,226/474/9,32.5,236,312.9
2026-08-27,262,TheSweetieMan,US,211.6,1,35/49/3,42.0,69,251.8
2026-08-27,263,balou,BE,210.7,-16.1,74/78/1,48.7,93,250.8
2026-08-27,264,Dunk90,US,208.3,-6.6,228/267/2,46.1,164,271.4
2026-08-27,265,Muffinman,IT,208.0,-4.9,103/138/3,42.8,111,300.5
2026-08-27,266,CWJ,ZZ,206.3,+18.3,58/64/2,47.6,86,255.3
2026-08-27,267,ironman,BE,204.3,1,5/6/0,45.5,10,260.2
2026-08-27,268,dyrson,BR,203.9,+9.3,258/349/5,42.6,228,282.0
2026-08-27,269,BlueberryWizard,US,202.6,+43.1,29/33/1,46.8,48,245.5
2026-08-27,270,queensbury,US,202.5,-10.1,101/127/5,44.4,140,262.4
2026-08-27,271,Mata Hari,GR,202.0,-4.7,13/17/1,43.5,28,267.0
2026-08-27,272,FalseAlarm,AU,202.0,-5.5,50/74/3,40.6,83,305.7
2026-08-27,273,dalee,GR,201.2,-13.7,17/33/0,34.0,44,306.6
2026-08-27,274,Edinace,BA,200.0,27,39/112/8,27.0,82,370.3
2026-08-27,275,Rexxxer,NL,199.5,13,135/208/0,39.4,147,269.8
2026-08-27,276,Branko Jevremov,RS,197.2,-8.0,66/110/2,37.6,115,275.5
2026-08-27,277,HARALD,BE,196.8,+5.4,251/401/6,38.6,239,265.7
2026-08-27,278,Ready Player One,US,196.4,+26.6,152/269/0,36.1,175,249.6
2026-08-27,279,Tamarindo,US,196.2,+0.0,267/430/27,38.7,234,309.3
2026-08-27,280,Snoi,ZZ,195.6,+61.2,120/226/6,34.9,168,254.6
2026-08-27,281,BirdGang,US,195.5,-8.2,17/23/0,42.5,35,270.8
2026-08-27,282,goopy16204,US,195.1,2,28/43/2,39.7,52,287.6
2026-08-27,283,Miss Elida,US,194.3,+35.7,347/352/2,49.6,267,197.1
2026-08-27,284,400tui,CA,191.3,-10.4,128/308/3,29.5,185,324.2
2026-08-27,285,ChefGRD,US,189.6,1,119/158/0,43.0,129,230.7
2026-08-27,286,HATETHEWORLD,BE,188.1,10,115/198/4,36.9,175,253.2
2026-08-27,287,Francisco,ES,187.0,-11.8,27/38/3,41.9,56,268.1
2026-08-27,288,xap,AU,187.0,+15.5,13/12/0,52.0,21,125.6
2026-08-27,289,Gambit777,US,183.6,+14.1,109/156/1,41.2,139,295.5
2026-08-27,290,Players,ZZ,182.4,+27.8,126/192/0,39.6,158,254.4
2026-08-27,291,Zman,US,182.3,+2.9,33/56/2,37.4,68,290.5
2026-08-27,292,Forestman,NL,181.5,-20.7,46/40/1,53.4,65,160.7
2026-08-27,293,Kannemand,DK,180.6,3,4/8/0,33.3,10,284.8
2026-08-27,294,Franz K.,DE,180.6,1,34/55/5,38.8,66,276.1
2026-08-27,295,Player4992-eri,ZZ,179.1,5,24/28/0,46.2,39,183.8
2026-08-27,296,Daverave,ZZ,177.6,10,42/66/2,39.1,76,282.7
2026-08-27,297,WIAmDream,EG,177.3,7,38/62/0,38.0,67,265.1
2026-08-27,298,Smiley,NL,176.7,4,19/22/0,46.3,41,204.9
2026-08-27,299,General Rascal,US,176.2,+4.0,31/26/0,54.4,50,168.9
2026-08-27,300,RLo,ZZ,175.5,2,28/9/0,75.7,27,75.6
2026-08-27,301,Aimathros,GR,175.4,8,61/74/7,45.4,95,238.5
2026-08-27,302,fred77,IR,174.3,+13.9,260/415/4,38.6,252,287.1
2026-08-27,303,Crazydoctor,GR,173.2,10,29/36/0,44.6,55,249.4
2026-08-27,304,FBI,AU,172.1,-15.9,140/191/1,42.3,137,277.9
2026-08-27,305,dings,NL,169.9,-0.2,153/262/2,36.9,167,258.9
2026-08-27,306,Lucky Hands,NL,169.3,-4.7,29/36/0,44.6,54,245.5
2026-08-27,307,Joker,LU,168.9,-12.2,693/881/39,44.2,346,247.6
2026-08-27,308,Al Hakeem,FR,168.4,1,114/148/0,43.5,140,248.5
2026-08-27,309,Colonel Trautman,ES,167.2,+18.8,94/119/3,44.2,122,204.9
2026-08-27,310,nickoriginal,GR,165.4,1,88/151/4,37.0,131,292.0
2026-08-27,311,RasmusVJ,DK,164.9,-44.5,116/196/6,37.4,149,155.2
2026-08-27,312,Bibbs22,DE,157.6,4,83/144/0,36.6,113,247.4
2026-08-27,313,mgz1408,AT,157.1,+10.4,175/260/5,40.3,148,256.8
2026-08-27,314,Marquise DSD,GR,156.4,+17.9,248/411/8,37.8,259,263.0
2026-08-27,315,Scottf12345,US,154.8,+19.8,46/90/0,33.8,97,276.4
2026-08-27,316,That’s Marvelous,ZZ,152.9,+9.4,81/127/3,39.1,130,251.9
2026-08-27,317,Loumand,DK,152.1,11,55/89/1,38.3,97,291.8
2026-08-27,318,json,US,152.1,6,29/47/0,38.2,57,238.1
2026-08-27,319,agatharhidis,GR,151.1,-20.1,100/204/0,32.9,157,311.9
2026-08-27,320,trintingnant,AG,151.0,-4.0,52/140/1,27.2,120,272.0
2026-08-27,321,WaltLemonJr,US,149.9,+35.6,54/83/1,39.5,91,251.2
2026-08-27,322,alextrip,GR,149.6,1,92/155/3,37.4,136,310.3
2026-08-27,323,Rayvitoles,GR,149.5,26,29/55/2,34.9,57,249.3
2026-08-27,324,fazi,AT,149.2,-24.8,30/54/2,36.0,61,276.3
2026-08-27,325,hnaught,CH,148.5,-8.3,48/82/1,37.0,89,297.7
2026-08-27,326,Clown,WF,145.6,+6.6,109/217/3,33.6,177,275.6
2026-08-27,327,teacup,ZZ,139.3,9,128/201/1,38.9,141,258.1
2026-08-27,328,SHARK,ZZ,139.0,-9.5,66/156/2,29.9,124,317.7
2026-08-27,329,vicksburg,US,138.2,5,14/15/0,48.3,27,185.6
2026-08-27,330,funambulista_ka,ZZ,135.8,8,114/229/5,33.5,153,300.8
2026-08-27,331,schive24,US,135.2,+2.5,60/109/1,35.6,90,264.7
2026-08-27,332,RadicalLibre,DO,133.0,5,34/45/0,43.0,54,180.2
2026-08-27,333,guib543,BE,130.8,5,30/43/1,41.2,59,240.6
2026-08-27,334,CNY,US,128.7,+12.3,67/111/4,37.9,105,202.3
2026-08-27,335,RickyBobby,ZZ,128.4,+6.6,41/67/1,38.1,87,231.3
2026-08-27,336,Kandoruus,ZZ,126.2,15,33/72/3,31.9,81,254.3
2026-08-27,337,Generalinfo,US,125.5,+15.1,61/134/1,31.4,112,296.9
2026-08-27,338,Chrigel,CH,123.6,-5.6,40/35/0,53.3,57,126.3
2026-08-27,339,ZKNark,AX,121.7,1,44/45/0,49.4,63,130.7
2026-08-27,340,Mello,IT,119.6,-13.2,190/396/0,32.4,217,271.9
2026-08-27,341,Vodrake,GB,118.8,+2.3,15/21/0,41.7,27,225.4
2026-08-27,342,Sunnymaster,ZZ,114.9,15,8/15/0,34.8,19,284.4
2026-08-27,343,Gecko,CA,112.5,22,6/21/0,22.2,24,295.7
2026-08-27,344,Number1Grizzly,US,112.0,10,14/28/0,33.3,38,253.0
2026-08-27,345,inzy,AU,108.9,5,82/109/3,43.0,103,145.7
2026-08-27,346,Tyto Alba,IT,108.6,-39.8,300/556/4,35.1,235,306.3
2026-08-27,347,StrategoFreund,DE,106.4,4,120/332/1,26.6,210,260.8
2026-08-27,348,Knightmare Dungeoneers,GB,104.2,-2.4,165/180/5,47.9,153,107.1
2026-08-27,349,Cut Killah,FJ,103.5,4,21/58/0,26.6,55,319.3
2026-08-27,350,Zaz,ZZ,102.2,3,5/14/1,27.5,18,281.6
2026-08-27,351,Backyard Game,CA,98.1,10,16/30/0,34.8,37,241.7
2026-08-27,352,BasilTheBatlord,ZZ,96.8,12,13/23/0,36.1,25,221.3
2026-08-27,353,Butcherjack,DK,96.1,+7.4,25/46/1,35.4,59,236.4
2026-08-27,354,Yas,FR,95.6,+16.3,8/25/0,24.2,28,282.2
2026-08-27,355,commander bob,US,93.1,3,32/42/0,43.2,52,185.4
2026-08-27,356,davids,ZZ,92.4,4,6/15/1,29.5,20,245.7
2026-08-27,357,General Thompson,US,89.3,-28.5,121/207/1,36.9,166,245.5
2026-08-27,358,warsoftrilbal,NL,88.7,27,5/11/0,31.3,15,178.4
2026-08-27,359,MISA,ZZ,87.4,+11.3,32/62/0,34.0,72,238.9
2026-08-27,360,Bodo,DE,80.5,20,7/17/0,29.2,18,215.1
2026-08-27,361,Dark Lord,US,80.4,+14.6,99/252/4,28.5,136,272.7
2026-08-27,362,TheArtfulDodger,CA,80.3,6,27/32/0,45.8,34,133.5
2026-08-27,363,Popolaretti,ZZ,78.4,-8.3,11/23/0,32.4,30,203.8
2026-08-27,364,jagger314,BR,76.5,+17.9,54/138/0,28.1,106,227.5
2026-08-27,365,edges,CH,76.3,+14.2,10/17/1,37.5,26,177.1
2026-08-27,366,PsychicPi,US,70.4,19,9/12/0,42.9,18,101.6
2026-08-27,367,Shivaanoz,BE,70.1,-3.5,111/234/1,32.2,172,268.2
2026-08-27,368,Rantanplan,ZZ,66.8,1,8/19/0,29.6,23,215.1
2026-08-27,369,Kaibs,CA,63.2,3,15/30/0,33.3,38,198.7
2026-08-27,370,TanKHuntER,US,61.1,1,7/13/0,35.0,20,176.1
2026-08-27,371,JeromeV,ZZ,54.9,+22.1,11/19/0,36.7,25,173.7
2026-08-27,372,Funkybunch,ZZ,54.8,9,273/467/3,36.9,296,221.9
2026-08-27,373,Coulomb,ZZ,50.6,-14.8,11/30/1,27.4,33,209.2
2026-08-27,374,ACWilhelm,US,49.6,1,17/51/1,25.4,52,260.8
2026-08-27,375,widersach,DE,47.9,4,32/49/1,39.6,50,129.5
2026-08-27,376,evdog104,PS,46.4,2,39/66/1,37.3,67,206.1
2026-08-27,377,Vasily Tukhachevsky,RU,46.3,23,8/29/1,22.4,29,315.8
2026-08-27,378,Knoway,ZZ,44.8,13,12/29/0,29.3,28,211.0
2026-08-27,379,lirussy,ZZ,41.2,9,8/19/0,29.6,23,172.6
2026-08-27,380,Spoon,US,41.0,12,12/33/0,26.7,32,196.9
2026-08-27,381,Beammeup,US,40.7,10,17/22/0,43.6,22,107.8
2026-08-27,382,Kossuth,RU,40.1,-17.8,18/55/0,24.7,52,257.0
2026-08-27,383,Snaketaco,US,39.8,1,17/51/0,25.0,50,185.4
2026-08-27,384,honda08,GR,39.2,7,9/28/1,25.0,29,234.3
2026-08-27,385,Mervyn10,PY,33.4,16,13/86/0,13.1,58,188.3
2026-08-27,386,Winx,ZZ,33.1,2,26/80/0,24.5,67,306.0
2026-08-27,387,Longshanks,ZZ,32.9,1,6/16/0,27.3,18,240.4
2026-08-27,388,SnazzyT,US,31.9,6,18/44/1,29.4,41,200.8
2026-08-27,389,Darquise,DE,31.1,-1.5,5/21/0,19.2,24,258.7
2026-08-27,390,TheFatFox,US,27.5,5,7/19/0,26.9,21,224.5
2026-08-27,391,killersuv,ZZ,25.6,2,4/17/0,19.0,18,152.2
2026-08-27,392,TWFanClub,US,25.5,18,13/69/0,15.9,58,303.3
2026-08-27,393,Rev MD,US,25.3,2,2/10/0,16.7,12,205.4
2026-08-27,394,PuffyChickenlegs,US,24.7,16,11/47/0,19.0,40,202.7
2026-08-27,395,Jesse22,NL,24.0,4,5/33/0,13.2,35,212.5
2026-08-27,396,FischC,US,22.0,-7.9,26/97/0,21.1,75,257.9
2026-08-27,397,Bram,BE,21.8,-8.3,54/238/1,18.6,130,337.6
2026-08-27,398,Hieratic,RS,15.8,4,18/60/0,23.1,58,265.4
2026-08-27,399,ECfnW,NL,14.0,+8.3,35/96/1,26.9,65,111.2
2026-08-27,400,Speedbags,US,13.3,+13.3,4/26/0,13.3,23,195.4
2026-08-27,401,Princess,US,13.2,-5.7,8/30/0,21.1,36,252.6
2026-08-27,402,Davmholms,US,13.0,+1.0,91/249/2,26.9,152,245.5
2026-08-27,403,breizh,FR,12.4,5,6/35/1,15.5,38,262.1
2026-08-27,404,kds4783,US,12.3,+8.3,60/178/0,25.2,134,164.8
2026-08-27,405,ntgnewbie,US,11.6,-5.4,11/48/0,18.6,48,237.6
2026-08-27,406,DrEgg777,US,10.9,3,6/24/0,20.0,22,200.4
2026-08-27,407,Wolfler,US,10.8,10,3/21/0,12.5,20,316.9
2026-08-27,408,Brutus,CH,8.8,25,4/36/0,10.0,30,278.1
2026-08-27,409,Heinrich Khunrath,BQ,8.7,13,7/27/0,20.6,28,219.8
2026-08-27,410,Boule,DE,8.4,8,9/28/0,24.3,26,203.1
2026-08-27,411,alphastorm04,US,2.6,+2.6,30/71/0,29.7,72,204.7
2026-08-27,412,ComplyOrDie,GB,1.7,10,4/40/0,9.1,28,228.0
2026-08-27,413,anti mantice,GB,1.5,12,4/21/0,16.0,23,232.3
2026-08-27,414,SpaceCowboy,US,1.0,4,8/23/1,26.6,31,150.2
2026-08-27,415,Epitaph,ZZ,0.1,3,8/17/0,32.0,20,127.5
2026-08-28,1,Winner,US,781.8,-10.4,100/33/2,74.8,44,582.6
2026-08-28,2,Nemesis,US,724.2,-7.4,242/113/10,67.7,106,538.1
2026-08-28,3,Maelstrom,CA,718.5,+11.8,528/215/13,70.7,129,537.2
2026-08-28,4,kamikaze,GB-SCT,713.9,+23.8,234/61/3,79.0,97,458.1
2026-08-28,5,embracingracialunity.org,US,707.2,+11.7,185/18/0,91.1,121,230.7
2026-08-28,6,Mirage,AU,704.2,-4.2,323/156/6,67.2,127,525.6
2026-08-28,7,Eagle06,CH,694.3,-11.1,121/22/8,82.8,93,399.5
2026-08-28,8,Hielco,NL,667.7,-3.4,11/12/2,48.0,15,620.8
2026-08-28,9,Diddy,ZZ,664.7,+20.3,268/118/6,69.1,105,473.4
2026-08-28,10,BFG,NL,661.3,1,32/10/1,75.6,35,444.3
2026-08-28,11,Fairway,US,648.4,+18.5,89/35/5,70.9,69,414.4
2026-08-28,12,zach21,US,625.2,+7.8,115/87/7,56.7,68,519.0
2026-08-28,13,Kanonenkeks,DE,612.8,1,348/181/3,65.7,154,440.4
2026-08-28,14,eb124,BE,612.3,1,9/5/1,63.3,13,496.2
2026-08-28,15,Karolus,PL,594.9,-24.3,36/28/0,56.3,43,551.7
2026-08-28,16,DIVERGENT,AU,593.0,3,62/44/2,58.3,61,484.7
2026-08-28,17,PokerFace,ZA,590.7,3,241/98/7,70.7,143,384.2
2026-08-28,18,Garulfo,NL,589.8,-7.2,44/31/2,58.4,46,506.8
2026-08-28,19,Frosty :),US,584.1,-13.7,130/153/2,46.0,51,618.6
2026-08-28,20,SIR_Bal,GR,582.7,18,11/7/0,61.1,16,471.5
2026-08-28,21,OVERLORD,GR,571.8,2,223/77/4,74.0,111,480.2
2026-08-28,22,411 Discipline,US,571.3,5,82/30/2,72.8,67,382.5
2026-08-28,23,Henry domerkant,GR,567.9,+2.7,538/289/21,64.7,182,476.5
2026-08-28,24,sweet52,ZZ,567.4,-2.0,43/6/0,87.8,34,366.4
2026-08-28,25,gpet0,GR,566.7,-1.8,789/438/20,64.1,242,386.1
2026-08-28,26,kartoffelfresser,ZZ,566.4,8,81/98/3,45.3,73,520.5
2026-08-28,27,Display,ZZ,566.1,+75.0,56/29/1,65.7,55,420.5
2026-08-28,28,Bad Milo,NL,560.7,6,26/22/1,54.1,30,552.3
2026-08-28,29,gkaros,GR,560.4,1,28/19/0,59.6,32,495.0
2026-08-28,30,recar,US,560.2,+5.7,72/21/7,75.5,45,305.1
2026-08-28,31,Lottorush,US,559.1,-54.9,343/176/10,65.8,146,430.2
2026-08-28,32,garlick,FR,558.7,-15.1,245/226/13,52.0,125,470.2
2026-08-28,33,Nightwolf,NR,553.4,+2.2,234/44/5,83.6,176,230.8
2026-08-28,34,Ollie,CA,550.2,-3.7,420/214/20,65.7,217,341.7
2026-08-28,35,Sekertzis1973,GR,549.1,-54.8,481/201/17,70.0,167,432.5
2026-08-28,36,Napoleon 1er,CH,528.0,+2.8,81/49/4,61.9,66,448.2
2026-08-28,37,warlock,US,516.8,-9.2,210/121/7,63.2,120,415.5
2026-08-28,38,Spartacus,NL,516.7,5,269/164/9,61.9,159,367.9
2026-08-28,39,Jack,ZZ,514.7,-3.6,128/105/5,54.8,94,458.4
2026-08-28,40,Unseen Hero,GR,512.5,-46.5,583/290/8,66.6,243,358.5
2026-08-28,41,mirmidonas,GR,512.3,1,82/21/0,79.6,65,241.4
2026-08-28,42,tonylaw44,GR,510.1,-25.6,771/303/11,71.6,269,349.3
2026-08-28,43,Skyfall,BE,507.1,+22.0,214/107/5,66.4,137,420.3
2026-08-28,44,KingTubby,JM,506.6,+10.0,337/154/8,68.3,188,368.4
2026-08-28,45,Karma,AU,503.8,+17.2,97/113/1,46.2,84,524.9
2026-08-28,46,Stelios,GR,498.2,-56.3,120/53/0,69.4,93,398.2
2026-08-28,47,Duncan,NL,494.0,13,32/30/1,51.6,42,496.2
2026-08-28,48,LAHSRAM,CN,492.8,1,103/84/0,55.1,58,522.9
2026-08-28,49,Who Cares?,DE,490.9,+30.9,613/527/16,53.7,227,402.4
2026-08-28,50,Odo,NL,488.6,1,153/85/5,64.0,133,340.6
2026-08-28,51,PHAETHON,GR,487.1,-6.6,187/138/10,57.3,137,408.1
2026-08-28,52,Don Mitsos,GR,481.7,+9.2,449/230/14,65.8,186,384.5
2026-08-28,53,Morx,NL,480.7,6,39/19/4,66.1,42,396.1
2026-08-28,54,guibui,DE,480.5,+15.9,508/148/7,77.1,241,275.0
2026-08-28,55,Pinnacle,ZZ,477.3,3,41/10/3,78.7,46,307.9
2026-08-28,56,Samuel,GB,476.3,+6.1,418/292/17,58.7,185,416.6
2026-08-28,57,Tomba,BE,476.0,2,30/8/0,78.9,30,233.2
2026-08-28,58,Andreas94,GR,473.4,-4.9,238/214/4,52.6,151,400.6
2026-08-28,59,Pericoperez,ES,472.8,18,81/65/2,55.4,73,354.6
2026-08-28,60,Donnafugata,IT,469.2,+9.1,249/49/2,83.3,175,197.2
2026-08-28,61,roeczak,GR,468.8,3,38/42/1,47.5,47,476.1
2026-08-28,62,XXXStrategy,CA,466.2,-12.4,60/21/3,73.2,58,314.2
2026-08-28,63,Jerry,US,463.4,8,15/7/2,66.7,22,328.3
2026-08-28,64,Barri,ES,459.8,5,43/25/1,63.0,50,369.6
2026-08-28,65,Yo mamas,BA,458.6,+13.4,856/769/5,52.7,254,331.1
2026-08-28,66,Chaidari,GR,458.6,+32.2,366/285/2,56.2,215,292.9
2026-08-28,67,Vindicta,US,458.3,20,225/133/5,62.7,114,430.3
2026-08-28,68,Rambo,AU,457.8,+12.2,248/158/5,60.9,169,338.4
2026-08-28,69,FGP_,GR,457.1,1,105/46/4,69.0,99,300.9
2026-08-28,70,Kostass2506,GR,453.3,-1.2,531/441/31,54.5,214,407.6
2026-08-28,71,JIREN,PE,452.7,-6.5,166/153/11,52.0,108,494.0
2026-08-28,72,crusader,GR,452.1,+22.3,243/157/6,60.6,166,343.5
2026-08-28,73,Rich piana,GR,451.5,-12.8,106/90/2,54.0,117,350.2
2026-08-28,74,Knightsnake,US,450.0,+2.0,162/46/3,77.5,97,188.4
2026-08-28,75,Barbarians,GI,441.7,+10.2,205/127/6,61.5,148,351.1
2026-08-28,76,ICANMAKEUFAMOUS,BF,441.1,4,93/66/3,58.3,96,337.2
2026-08-28,77,Atraf,IL,440.9,1,243/137/5,63.8,140,370.4
2026-08-28,78,Vexplop,ZZ,439.0,+8.1,514/491/4,51.1,224,395.5
2026-08-28,79,Tasos.kaps,GR,437.7,-2.0,166/101/2,62.1,143,347.4
2026-08-28,80,Guest Mystery,NL,435.4,1,44/26/3,62.3,54,336.4
2026-08-28,81,SETTLER,TZ,434.1,+51.5,449/341/9,56.8,151,393.7
2026-08-28,82,Ides_Of_March_NC,US,434.1,4,181/69/16,71.1,133,275.0
2026-08-28,83,Nick Dusk,ZZ,433.9,-25.0,216/150/8,58.8,156,333.5
2026-08-28,84,Grizzlybear,DE,433.6,1,58/36/5,61.1,71,368.6
2026-08-28,85,TourniKID,DE,433.5,17,44/28/2,60.8,63,357.4
2026-08-28,86,skaven,NO,433.0,-9.7,66/51/5,56.1,86,381.9
2026-08-28,87,banana_hammock,US,432.8,-16.0,538/230/22,69.5,240,320.8
2026-08-28,88,Marmal,NL,430.0,+27.2,412/302/9,57.6,218,371.4
2026-08-28,89,The Seventh Seal,US,425.7,+10.3,111/70/1,61.3,107,344.1
2026-08-28,90,HazMate14,AU,424.3,+6.9,83/52/6,61.0,89,314.6
2026-08-28,91,Wnehme,LB,423.6,+20.0,244/143/5,62.9,159,345.3
2026-08-28,92,milad,SE,422.7,-26.7,460/484/22,48.8,209,427.2
2026-08-28,93,Späher,DE,413.6,4,56/43/3,56.4,73,338.1
2026-08-28,94,DontCryWhenILottoU,US,411.3,-7.3,647/675/4,48.9,288,305.6
2026-08-28,95,NavyJoe,US,410.5,+23.2,88/52/0,62.9,95,317.4
2026-08-28,96,skeptikistis,GR,410.4,4,17/9/3,63.8,24,352.9
2026-08-28,97,ruined_creature,MX,408.2,-8.8,802/589/18,57.6,267,350.9
2026-08-28,98,Jovo,IT,407.9,11,36/18/1,66.4,45,285.7
2026-08-28,99,TheBlackDress,US,405.4,+6.8,138/72/1,65.6,115,325.3
2026-08-28,100,AmazingGeorges,CA,402.7,+4.9,98/93/5,51.3,110,369.9
2026-08-28,101,Leppie,BE,400.7,13,21/16/2,56.4,33,350.0
2026-08-28,102,Roland,GB,398.7,2,166/158/1,51.2,120,323.3
2026-08-28,103,BurningGoldfish,ZZ,397.8,-2.9,8/5/1,60.7,14,372.3
2026-08-28,104,green panther,AT,396.2,6,62/54/0,53.4,73,365.3
2026-08-28,105,Mr PEP,GP,395.9,21,158/124/2,56.0,140,283.1
2026-08-28,106,player-anw,US,395.1,2,65/38/2,62.9,79,302.8
2026-08-28,107,an_album_cover,NZ,393.6,+3.9,133/80/0,62.4,137,301.3
2026-08-28,108,CORNERFLAGLEFT,ZZ,392.5,-8.2,186/147/4,55.8,148,339.0
2026-08-28,109,TemplateRex,NL,390.0,1,36/26/0,58.1,48,278.9
2026-08-28,110,KarnaVNP,SR,387.4,5,15/8/3,63.5,23,327.9
2026-08-28,111,Katama,NL,385.7,+6.5,34/34/0,50.0,55,369.7
2026-08-28,112,Liogreen,AT,382.5,-16.0,163/167/5,49.4,151,476.7
2026-08-28,113,Kuni,US,382.3,7,13/4/1,75.0,15,342.6
2026-08-28,114,BATTLECRY,AU,378.8,-22.0,80/96/0,45.5,94,410.6
2026-08-28,115,WTF,GR,377.5,-1.5,163/111/1,59.5,137,335.1
2026-08-28,116,Biber1,DE,375.4,5,20/10/1,66.1,28,292.6
2026-08-28,117,Pretzel Logic,BS,373.5,+81.4,375/419/6,47.3,236,303.9
2026-08-28,118,Thanathos,IT,366.0,-10.8,444/375/10,54.2,236,301.3
2026-08-28,119,Meoww,NL,365.1,+15.1,81/65/6,55.3,99,358.8
2026-08-28,120,Timmy,GB,365.1,+17.9,299/268/15,52.7,211,326.2
2026-08-28,121,Spears,ES,364.7,27,419/323/7,56.4,182,316.6
2026-08-28,122,Lord Vader,US,363.5,+7.1,189/137/0,58.0,139,315.2
2026-08-28,123,Roger Oncemore II,DE,360.9,+8.3,133/115/11,53.5,149,307.8
2026-08-28,124,Pieter,NL,359.6,-14.4,136/103/4,56.8,124,358.9
2026-08-28,125,Pseudoknight,ZZ,356.2,29,176/130/3,57.4,133,284.5
2026-08-28,126,OZZZY,CA,355.4,+7.8,56/51/2,52.3,79,317.5
2026-08-28,127,Alexander007,DE,355.2,4,18/18/0,50.0,32,335.0
2026-08-28,128,Sirius,GR,353.7,2,149/119/4,55.5,119,284.4
2026-08-28,129,bobstack,US,353.0,+1.2,42/30/0,58.3,59,274.3
2026-08-28,130,knickles,US,352.8,+4.4,76/32/1,70.2,66,197.5
2026-08-28,131,marcheese,CA,352.3,3,104/79/10,56.5,102,381.9
2026-08-28,132,IKnowThingsGood,US,352.1,-14.1,107/80/3,57.1,114,287.9
2026-08-28,133,joeli,DE,349.0,1,64/51/0,55.7,73,329.7
2026-08-28,134,Ghostzapper,US,348.4,28,115/57/2,66.7,112,274.4
2026-08-28,135,Martisio,ES,346.6,+12.1,86/63/3,57.6,106,289.6
2026-08-28,136,Battle Tested,US,346.4,-2.8,24/17/0,58.5,35,241.2
2026-08-28,137,fungio,ZZ,345.5,+10.9,239/213/8,52.8,178,307.3
2026-08-28,138,Chainsaw Man,IE,345.2,+57.3,925/833/21,52.6,303,287.1
2026-08-28,139,Strategos,NL,342.9,+48.5,221/187/6,54.1,170,289.5
2026-08-28,140,MigmaShelter,JP,342.3,2,13/13/0,50.0,22,343.2
2026-08-28,141,Venom,US,341.0,+45.3,148/170/2,46.6,127,323.5
2026-08-28,142,MacyTheBlackCAT,US,340.0,-0.2,398/401/18,49.8,229,351.1
2026-08-28,143,theos,GR,336.5,2,17/14/1,54.7,27,289.1
2026-08-28,144,molswi,CA,335.7,1,123/116/6,51.4,142,286.6
2026-08-28,145,Jossy,DE,335.5,-3.9,87/86/6,50.3,86,310.7
2026-08-28,146,BaronNr1,NL,333.9,3,9/14/0,39.1,21,303.4
2026-08-28,147,Pintel,US,333.7,1,96/64/3,59.8,99,269.7
2026-08-28,148,GORLAMI,ZZ,332.7,-23.2,269/246/30,52.1,173,337.8
2026-08-28,149,mindfocus,BE,332.3,1,16/5/1,75.0,18,257.5
2026-08-28,150,Blackstar,DE,332.1,2,19/9/0,67.9,24,213.1
2026-08-28,151,Cutie,CX,331.6,5,94/79/1,54.3,103,284.0
2026-08-28,152,Commish,US,330.1,-7.6,457/459/7,49.9,252,313.7
2026-08-28,153,philchillas,GB,329.6,-23.3,198/193/0,50.6,183,303.7
2026-08-28,154,Guventus,GB,328.1,-6.1,260/246/5,51.4,173,324.9
2026-08-28,155,Jack*Of*Trades,US,326.8,-2.4,99/108/1,47.8,118,309.6
2026-08-28,156,skl,ZZ,326.3,+12.5,284/207/7,57.7,214,267.8
2026-08-28,157,The CAP,US,325.6,+20.8,170/195/5,46.6,181,299.8
2026-08-28,158,MagezuficA,PS,320.3,+7.9,157/238/2,39.8,166,317.3
2026-08-28,159,Isi,GR,319.3,-26.2,141/159/0,47.0,153,312.9
2026-08-28,160,(mind_is_blown),CA,319.0,-34.1,186/213/3,46.6,170,321.3
2026-08-28,161,Lawww,US,318.8,6,100/87/6,53.4,121,260.4
2026-08-28,162,Tomjonas,VA,318.8,+5.2,270/277/10,49.4,195,303.7
2026-08-28,163,Just4fun,ZW,317.7,15,32/21/3,59.8,46,238.4
2026-08-28,164,Tilor,US,317.5,-6.0,75/66/5,53.1,100,316.6
2026-08-28,165,BIGBOOM,US,317.4,-10.9,46/53/2,46.5,72,332.5
2026-08-28,166,Unflagged,ZZ,317.4,21,41/44/5,48.3,59,326.0
2026-08-28,167,Petra,US,317.0,10,241/173/0,58.2,167,332.9
2026-08-28,168,WICKED LESTER,US,316.8,3,76/53/1,58.8,67,249.0
2026-08-28,169,SmokingGun,SY,313.8,+7.4,233/243/6,49.0,187,309.6
2026-08-28,170,Mamadou,AO,313.7,1,50/26/1,65.6,64,234.5
2026-08-28,171,RashCobra105,BT,312.8,-28.2,31/21/0,59.6,41,311.4
2026-08-28,172,Noscope420,US,310.9,5,63/54/3,53.8,77,289.6
2026-08-28,173,cde,ZZ,309.8,7,7/6/0,53.8,10,175.2
2026-08-28,174,Implabable,US,309.7,-21.0,53/35/0,60.2,65,279.9
2026-08-28,175,TheRick616,CA,309.6,2,26/24/0,52.0,38,314.6
2026-08-28,176,Kloppo09,DE,308.2,+0.0,32/38/0,45.7,57,345.9
2026-08-28,177,Eise the Great,NL,306.8,-4.4,56/47/3,54.2,69,295.0
2026-08-28,178,VAGABOND JOE,NO,306.6,+11.2,74/71/5,51.0,103,298.9
2026-08-28,179,Marschall82,DE,306.3,+5.0,117/114/2,50.6,109,290.8
2026-08-28,180,morias,GR,305.8,6,25/29/0,46.3,46,305.9
2026-08-28,181,Plátano,PA,301.4,9,45/47/1,48.9,61,292.0
2026-08-28,182,cycy17,BE,301.2,1,106/159/2,40.1,154,291.5
2026-08-28,183,The Trooper,US,301.1,-0.8,3/6/2,36.4,10,323.4
2026-08-28,184,Nyord,DK,301.1,-1.5,62/60/4,50.8,83,261.1
2026-08-28,185,Goldeneyes,HU,297.4,-37.8,314/299/20,51.2,236,302.0
2026-08-28,186,Kranevitter,NL,296.3,-7.8,140/113/4,55.3,135,302.6
2026-08-28,187,Daniel G,US,296.1,+5.7,395/441/5,47.3,235,302.1
2026-08-28,188,Zevy,GE,294.3,+3.4,111/85/4,56.5,115,262.7
2026-08-28,189,Samos,ZZ,293.3,2,15/13/1,53.4,26,279.0
2026-08-28,190,player-mag,BE,291.3,4,34/23/0,59.6,46,183.9
2026-08-28,191,Prince of Thieves,NL,290.0,+10.0,51/38/2,57.1,66,224.4
2026-08-28,192,TheKing,BE,289.7,4,10/6/0,62.5,15,220.3
2026-08-28,193,Empalador,ZZ,286.3,4,525/486/9,51.9,224,307.9
2026-08-28,194,SolusVeritas,US,284.7,4,27/18/0,60.0,34,235.3
2026-08-28,195,Sibelius,EE,283.7,6,30/26/2,53.4,42,246.1
2026-08-28,196,dindo,MT,283.3,-5.6,484/433/13,52.7,279,285.7
2026-08-28,197,Pizza70 wow,IT,282.7,-14.4,406/399/7,50.4,239,296.4
2026-08-28,198,federer,ES,282.4,2,61/67/17,47.9,98,246.8
2026-08-28,199,DAG1105,CL,280.7,+19.7,340/330/6,50.7,221,307.5
2026-08-28,200,hammond,ZZ,278.8,+9.4,47/65/0,42.0,85,330.2
2026-08-28,201,Fairweigh,CX,276.9,-29.6,312/322/16,49.2,232,304.6
2026-08-28,202,Colinbbost,GR,275.6,1,30/39/1,43.6,52,345.3
2026-08-28,203,Dirk Drent,ZZ,274.7,2,192/211/1,47.6,149,266.4
2026-08-28,204,artav,US,274.6,+3.5,231/189/5,54.9,179,325.2
2026-08-28,205,Suspicious99,DE,274.5,-6.0,29/26/0,52.7,47,248.6
2026-08-28,206,JustBeFactual,ZZ,274.4,1,139/123/4,53.0,141,275.8
2026-08-28,207,Pepicio,ES,272.1,23,33/34/1,49.3,37,291.4
2026-08-28,208,LSR70,BE,267.8,+39.0,414/377/32,52.2,228,324.7
2026-08-28,209,Mantis,US,265.5,-6.0,257/241/6,51.6,184,312.7
2026-08-28,210,FelixG,MX,265.4,-2.1,179/185/0,49.2,167,306.5
2026-08-28,211,Sozo,US,265.0,2,67/63/0,51.5,73,277.6
2026-08-28,212,Pepico,JP,265.0,1,14/18/0,43.8,21,312.4
2026-08-28,213,Silverhammer,US,264.6,+8.2,36/32/1,52.9,50,256.0
2026-08-28,214,aaron5000,US,264.6,13,9/7/0,56.3,16,255.3
2026-08-28,215,Yanis,GR,264.4,9,78/94/1,45.4,115,310.0
2026-08-28,216,Mercer,US,262.2,22,29/22/1,56.7,43,254.6
2026-08-28,217,GIANNIS P.,GR,261.6,20,19/38/1,33.6,41,361.3
2026-08-28,218,KAOS Agent,US,260.7,8,276/288/9,49.0,212,194.9
2026-08-28,219,ConKord,GR,259.4,+1.1,358/389/10,48.0,238,254.6
2026-08-28,220,Homer,ES,258.7,-8.2,81/91/3,47.1,111,303.0
2026-08-28,221,Tooney13!,CA,256.3,1,123/121/3,50.4,120,288.2
2026-08-28,222,BokiLender,RS,256.2,+6.2,492/427/25,53.4,292,253.3
2026-08-28,223,floki,BE,253.5,7,15/16/0,48.4,29,283.1
2026-08-28,224,Simply The Best,US,253.2,+4.6,70/64/3,52.2,94,250.4
2026-08-28,225,Chillado,RU,252.5,+15.9,203/292/3,41.1,208,254.0
2026-08-28,226,Hannibaal Barca,LB,249.6,+7.2,11/14/0,44.0,24,347.4
2026-08-28,227,Nikiforos Fokas,GR,248.7,1,155/220/0,41.3,159,321.8
2026-08-28,228,rave55,IN,248.4,-6.5,690/688/27,50.1,324,288.2
2026-08-28,229,1976Diamonds,GR,245.8,-14.4,301/343/7,46.8,185,325.7
2026-08-28,230,Redeyes,GR,243.8,-7.1,33/39/1,45.9,63,297.2
2026-08-28,231,Lone ranger,ZZ,241.1,1,54/80/1,40.4,77,321.0
2026-08-28,232,Rolex_Cowboy,US,240.9,+22.0,206/237/6,46.5,189,311.6
2026-08-28,233,Moneymaker,US,240.4,+1.5,85/96/0,47.0,111,248.7
2026-08-28,234,Miss Aida,US,240.3,+10.2,197/165/4,54.4,176,195.6
2026-08-28,235,Mathias,BE,240.1,17,13/18/1,42.2,21,313.5
2026-08-28,236,BlueberryWizard,US,239.6,+37.0,33/35/1,48.6,51,254.7
2026-08-28,237,Malfun Maboun,DE,239.1,2,52/50/1,51.0,76,280.5
2026-08-28,238,Flag Man,US,238.5,+3.1,42/58/1,42.1,71,295.7
2026-08-28,239,Sicosi25,PA,237.8,-0.6,231/349/6,39.9,198,308.5
2026-08-28,240,ActionDan,US,237.1,5,87/115/2,43.1,119,286.1
2026-08-28,241,Enterprise,MH,236.3,1,23/33/2,41.4,47,311.3
2026-08-28,242,hakster,ZZ,233.5,18,37/59/1,38.7,60,314.0
2026-08-28,243,anthoula,IS,233.5,11,16/17/0,48.5,31,273.4
2026-08-28,244,Silverwing92,NL,232.3,2,19/19/0,50.0,33,264.1
2026-08-28,245,Serv1,GR,232.3,1,48/74/1,39.4,82,300.4
2026-08-28,246,duku77,NL,231.5,-15.1,126/155/5,44.9,134,270.7
2026-08-28,247,MintFlavouredMarshal,DE,230.4,-4.3,21/17/1,55.1,33,248.6
2026-08-28,248,Sober_Killer,US,226.3,12,91/109/2,45.5,115,306.4
2026-08-28,249,Juan_McDavidson,ZZ,222.1,2,47/45/0,51.1,67,208.4
2026-08-28,250,Hero,GR,222.0,-12.3,336/350/16,49.0,216,310.2
2026-08-28,251,Muffinman,IT,221.6,+13.6,107/143/3,42.9,114,301.5
2026-08-28,252,alkisagg,CA,220.9,24,37/45/1,45.2,60,270.0
2026-08-28,253,Agrippa,US,219.7,-8.3,27/40/1,40.4,46,275.4
2026-08-28,254,Missouri,NL,217.5,5,53/77/1,40.8,89,300.6
2026-08-28,255,theoneandonly,ZZ,216.0,-17.0,119/114/3,51.1,109,236.8
2026-08-28,256,Gambit777,US,215.6,+32.1,111/155/1,41.8,141,295.2
2026-08-28,257,Trajan,US,215.6,9,5/7/0,41.7,12,331.1
2026-08-28,258,schnobi,CH,215.3,-2.5,280/415/6,40.4,230,315.7
2026-08-28,259,Blue Tom,AT,213.2,-3.1,54/74/1,42.2,89,272.6
2026-08-28,260,Branko Jevremov,RS,211.6,+14.4,67/108/2,38.4,114,275.4
2026-08-28,261,TheSweetieMan,US,211.6,2,35/49/3,42.0,69,251.8
2026-08-28,262,balou,BE,210.7,1,74/76/1,49.3,91,251.3
2026-08-28,263,Cannon,UA,209.3,-3.8,238/493/9,32.8,247,312.0
2026-08-28,264,ironman,BE,208.5,+4.2,6/7/0,46.2,11,266.5
2026-08-28,265,SNIK,GR,208.5,-11.4,6/10/0,37.5,13,337.5
2026-08-28,266,HARALD,BE,207.5,+10.7,248/391/6,38.9,236,265.5
2026-08-28,267,BirdGang,US,205.1,+9.6,17/19/0,47.2,32,254.3
2026-08-28,268,FalseAlarm,AU,202.0,1,50/74/3,40.6,83,305.7
2026-08-28,269,dalee,GR,201.2,1,17/33/0,34.0,44,306.6
2026-08-28,270,Dunk90,US,201.0,-7.3,227/266/2,46.1,164,271.8
2026-08-28,271,johnny d,GR,200.7,-62.7,331/406/8,45.0,240,290.0
2026-08-28,272,dings,NL,200.6,+30.7,157/264/2,37.4,169,258.8
2026-08-28,273,Edinace,BA,200.0,28,39/112/8,27.0,82,370.3
2026-08-28,274,LittleGuy,ZZ,199.7,-28.8,522/643/14,44.9,265,273.2
2026-08-28,275,Rexxxer,NL,199.5,14,135/206/0,39.6,147,270.0
2026-08-28,276,dyrson,BR,198.9,-4.9,264/355/6,42.7,233,280.3
2026-08-28,277,CWJ,ZZ,198.1,-8.2,59/66/2,47.2,88,254.6
2026-08-28,278,queensbury,US,196.7,-5.8,91/124/5,42.5,128,264.5
2026-08-28,279,goopy16204,US,195.1,3,26/40/2,39.7,49,287.7
2026-08-28,280,Miss Elida,US,194.3,1,344/351/2,49.5,265,197.5
2026-08-28,281,400tui,CA,193.2,+1.9,131/312/3,29.7,187,323.3
2026-08-28,282,Ready Player One,US,192.7,-3.7,150/267/0,36.0,174,249.3
2026-08-28,283,Forestman,NL,192.4,+10.9,47/40/1,54.0,65,161.3
2026-08-28,284,ZOOGRAFOS,GR,191.7,-24.5,151/134/4,52.9,127,312.0
2026-08-28,285,Franz K.,DE,191.7,+11.1,35/55/5,39.5,66,275.5
2026-08-28,286,Tamarindo,US,188.7,-7.5,270/434/27,38.8,237,308.7
2026-08-28,287,HATETHEWORLD,BE,188.1,11,115/198/4,36.9,175,253.2
2026-08-28,288,RasmusVJ,DK,187.5,+22.6,118/196/6,37.8,149,155.6
2026-08-28,289,Francisco,ES,187.0,1,27/37/3,42.5,55,266.9
2026-08-28,290,fred77,IR,186.5,+12.2,261/412/4,38.8,254,286.1
2026-08-28,291,Aimathros,GR,186.1,+10.8,62/74/7,45.8,96,238.2
2026-08-28,292,ChefGRD,US,184.0,-5.6,119/159/0,42.8,129,231.1
2026-08-28,293,General Rascal,US,182.7,+6.6,32/26/0,55.2,51,166.9
2026-08-28,294,Zman,US,182.3,1,32/56/2,36.7,68,292.3
2026-08-28,295,Mata Hari,GR,182.1,-19.9,19/29/1,39.8,45,274.0
2026-08-28,296,mgz1408,AT,181.1,+24.1,179/263/5,40.6,151,256.5
2026-08-28,297,Kannemand,DK,180.6,4,4/8/0,33.3,10,284.8
2026-08-28,298,Player4992-eri,ZZ,179.1,6,24/28/0,46.2,39,183.8
2026-08-28,299,Lucky Hands,NL,178.1,+8.8,30/36/0,45.5,54,243.7
2026-08-28,300,Daverave,ZZ,177.6,11,42/66/2,39.1,76,282.7
2026-08-28,301,WIAmDream,EG,177.3,8,38/62/0,38.0,67,265.1
2026-08-28,302,Smiley,NL,176.7,5,19/22/0,46.3,41,204.9
2026-08-28,303,RLo,ZZ,175.5,3,28/9/0,75.7,27,75.6
2026-08-28,304,xap,AU,175.5,-11.5,13/13/0,50.0,21,126.0
2026-08-28,305,Al Hakeem,FR,175.0,+6.6,118/152/0,43.7,141,248.4
2026-08-28,306,SHARK,ZZ,173.6,+34.7,72/159/2,31.3,124,312.6
2026-08-28,307,Crazydoctor,GR,173.2,11,29/36/0,44.6,55,249.4
2026-08-28,308,Marquise DSD,GR,170.7,+14.3,250/412/8,37.9,259,262.7
2026-08-28,309,agatharhidis,GR,168.4,+17.3,100/199/0,33.4,154,313.3
2026-08-28,310,nickoriginal,GR,165.4,2,87/144/4,37.9,129,293.8
2026-08-28,311,Bibbs22,DE,157.6,5,83/144/0,36.6,113,247.4
2026-08-28,312,hnaught,CH,156.4,+7.9,49/83/1,37.2,89,294.7
2026-08-28,313,FBI,AU,152.7,-19.4,140/195/1,41.8,138,279.5
2026-08-28,314,Kandoruus,ZZ,152.6,+26.4,38/76/3,33.8,86,252.4
2026-08-28,315,Loumand,DK,152.1,12,55/89/1,38.3,97,291.8
2026-08-28,316,json,US,152.1,7,29/47/0,38.2,57,238.1
2026-08-28,317,RickyBobby,ZZ,150.0,+21.6,46/71/1,39.4,93,230.7
2026-08-28,318,alextrip,GR,149.6,2,92/154/3,37.6,135,309.3
2026-08-28,319,Rayvitoles,GR,149.5,27,29/55/2,34.9,57,249.3
2026-08-28,320,fazi,AT,149.2,1,28/53/2,34.9,59,282.2
2026-08-28,321,Clown,WF,147.0,+1.4,110/218/3,33.7,177,275.0
2026-08-28,322,RadicalLibre,DO,145.6,+12.5,34/45/0,43.0,54,180.2
2026-08-28,323,That’s Marvelous,ZZ,142.7,-10.2,79/122/3,39.5,126,250.4
2026-08-28,324,MRP75,GB,142.2,+48.5,10/11/1,47.7,16,143.2
2026-08-28,325,Joker,LU,139.9,-29.1,696/893/39,43.9,348,247.6
2026-08-28,326,CNY,US,139.4,+10.7,70/112/4,38.7,108,201.6
2026-08-28,327,teacup,ZZ,139.3,10,128/201/1,38.9,141,258.1
2026-08-28,328,Chrigel,CH,139.3,+15.7,42/35/0,54.5,57,124.3
2026-08-28,329,Snoi,ZZ,138.4,-57.2,132/248/6,35.0,179,249.8
2026-08-28,330,vicksburg,US,138.2,6,14/15/0,48.3,27,185.6
2026-08-28,331,trintingnant,AG,137.6,-13.4,52/142/1,26.9,121,270.9
2026-08-28,332,schive24,US,136.1,+1.0,56/103/1,35.3,86,268.5
2026-08-28,333,funambulista_ka,ZZ,135.8,9,113/229/5,33.3,153,301.2
2026-08-28,334,Colonel Trautman,ES,135.6,-31.6,94/123/3,43.4,123,205.5
2026-08-28,335,Players,ZZ,131.7,-50.7,144/224/0,39.1,176,248.1
2026-08-28,336,guib543,BE,129.7,-1.1,30/44/1,40.7,60,241.5
2026-08-28,337,WaltLemonJr,US,129.6,-20.2,57/89/1,39.1,98,247.5
2026-08-28,338,Scottf12345,US,126.6,-28.2,47/98/0,32.4,100,280.5
2026-08-28,339,Mello,IT,125.1,+5.5,191/393/0,32.7,218,271.8
2026-08-28,340,ZKNark,AX,122.6,+0.9,46/40/0,53.5,61,129.3
2026-08-28,341,Vodrake,GB,118.8,1,15/21/0,41.7,27,225.4
2026-08-28,342,Generalinfo,US,117.4,-8.1,59/128/1,31.6,109,297.9
2026-08-28,343,Sunnymaster,ZZ,114.9,16,8/15/0,34.8,19,284.4
2026-08-28,344,Gecko,CA,112.5,23,6/21/0,22.2,24,295.7
2026-08-28,345,Number1Grizzly,US,112.0,11,14/28/0,33.3,38,253.0
2026-08-28,346,inzy,AU,108.9,6,82/109/3,43.0,103,145.7
2026-08-28,347,Tyto Alba,IT,107.5,-1.1,303/556/4,35.3,235,304.6
2026-08-28,348,StrategoFreund,DE,106.4,5,118/331/1,26.3,209,260.7
2026-08-28,349,Cut Killah,FJ,103.5,5,21/58/0,26.6,55,319.3
2026-08-28,350,Zaz,ZZ,102.2,4,5/14/1,27.5,18,281.6
2026-08-28,351,Backyard Game,CA,98.1,11,16/30/0,34.8,37,241.7
2026-08-28,352,BasilTheBatlord,ZZ,96.8,13,13/23/0,36.1,25,221.3
2026-08-28,353,Butcherjack,DK,96.1,1,25/46/1,35.4,59,236.4
2026-08-28,354,Yas,FR,95.6,1,8/25/0,24.2,28,282.2
2026-08-28,355,Dark Lord,US,94.4,+14.0,101/250/4,29.0,134,271.8
2026-08-28,356,davids,ZZ,92.4,5,6/15/1,29.5,20,245.7
2026-08-28,357,General Thompson,US,89.3,1,121/207/1,36.9,166,245.5
2026-08-28,358,warsoftrilbal,NL,88.7,28,5/11/0,31.3,15,178.4
2026-08-28,359,commander bob,US,88.3,-4.8,33/43/0,43.4,54,180.8
2026-08-28,360,MISA,ZZ,87.4,1,32/62/0,34.0,72,238.9
2026-08-28,361,Bodo,DE,80.5,21,7/17/0,29.2,18,215.1
2026-08-28,362,TheArtfulDodger,CA,80.3,7,27/32/0,45.8,34,133.5
2026-08-28,363,edges,CH,76.3,1,10/17/1,37.5,26,177.1
2026-08-28,364,Knightmare Dungeoneers,GB,76.3,-27.9,165/180/5,47.9,151,105.3
2026-08-28,365,Popolaretti,ZZ,76.1,-2.4,11/24/0,31.4,30,200.8
2026-08-28,366,jagger314,BR,70.6,-6.0,53/136/0,28.0,104,226.6
2026-08-28,367,PsychicPi,US,70.4,20,9/12/0,42.9,18,101.6
2026-08-28,368,Shivaanoz,BE,66.2,-3.9,111/235/1,32.1,171,269.7
2026-08-28,369,Rantanplan,ZZ,63.5,-3.3,8/20/0,28.6,24,219.9
2026-08-28,370,Kaibs,CA,63.2,4,15/30/0,33.3,38,198.7
2026-08-28,371,Funkybunch,ZZ,54.8,10,268/462/3,36.8,295,222.5
2026-08-28,372,JeromeV,ZZ,50.1,-4.8,12/20/0,37.5,26,166.1
2026-08-28,373,ECfnW,NL,48.3,+34.3,38/96/1,28.5,66,110.4
2026-08-28,374,widersach,DE,47.9,5,32/49/1,39.6,50,129.5
2026-08-28,375,evdog104,PS,46.4,3,37/65/1,36.4,67,204.9
2026-08-28,376,Vasily Tukhachevsky,RU,46.3,24,8/24/1,25.8,26,324.0
2026-08-28,377,Beammeup,US,45.5,+4.7,19/24/1,44.3,26,104.9
2026-08-28,378,Knoway,ZZ,44.8,14,12/29/0,29.3,28,211.0
2026-08-28,379,ACWilhelm,US,41.9,-7.7,14/41/1,25.9,43,258.3
2026-08-28,380,lirussy,ZZ,41.2,10,8/19/0,29.6,23,172.6
2026-08-28,381,Spoon,US,41.0,13,12/33/0,26.7,32,196.9
2026-08-28,382,Snaketaco,US,39.8,2,17/51/0,25.0,50,185.4
2026-08-28,383,honda08,GR,39.2,8,8/27/1,23.6,29,238.1
2026-08-28,384,TanKHuntER,US,37.2,-23.9,7/18/0,28.0,24,192.3
2026-08-28,385,Coulomb,ZZ,36.5,-14.1,11/32/1,26.1,35,206.7
2026-08-28,386,narobber,BE,35.0,+11.1,6/15/0,28.6,19,249.4
2026-08-28,387,Mervyn10,PY,33.4,17,13/86/0,13.1,58,188.3
2026-08-28,388,Winx,ZZ,33.1,3,26/80/0,24.5,67,306.0
2026-08-28,389,Longshanks,ZZ,32.9,2,6/16/0,27.3,18,240.4
2026-08-28,390,Darquise,DE,31.1,1,5/21/0,19.2,24,258.7
2026-08-28,391,killersuv,ZZ,25.6,3,4/17/0,19.0,18,152.2
2026-08-28,392,TWFanClub,US,25.5,19,13/69/0,15.9,58,303.3
2026-08-28,393,Rev MD,US,25.3,3,2/10/0,16.7,12,205.4
2026-08-28,394,SnazzyT,US,25.0,-6.9,16/45/2,27.0,43,195.1
2026-08-28,395,PuffyChickenlegs,US,24.7,17,11/47/0,19.0,40,202.7
2026-08-28,396,TheFatFox,US,24.5,-3.0,8/21/0,27.6,24,212.5
2026-08-28,397,Jesse22,NL,24.0,5,5/33/0,13.2,35,212.5
2026-08-28,398,iwikilu,US,24.0,+6.2,19/84/1,18.8,84,216.8
2026-08-28,399,Llamma,US,23.5,+11.3,2/19/0,9.5,20,188.6
2026-08-28,400,Bram,BE,23.2,+1.4,55/240/1,18.8,133,336.0
2026-08-28,401,FischC,US,22.0,1,26/95/0,21.5,74,258.8
2026-08-28,402,new,US,16.3,-1.8,5/16/0,23.8,17,127.1
2026-08-28,403,Hieratic,RS,15.8,5,18/60/0,23.1,58,265.4
2026-08-28,404,breizh,FR,12.4,6,6/34/1,15.9,37,262.1
2026-08-28,405,DrEgg777,US,10.9,4,6/24/0,20.0,22,200.4
2026-08-28,406,Wolfler,US,10.8,11,3/17/0,15.0,18,312.3
2026-08-28,407,Brutus,CH,8.8,26,4/36/0,10.0,30,278.1
2026-08-28,408,Heinrich Khunrath,BQ,8.7,14,7/24/0,22.6,25,207.0
2026-08-28,409,Boule,DE,8.4,9,9/28/0,24.3,26,203.1
2026-08-28,410,alphastorm04,US,8.2,+5.7,30/72/0,29.4,71,203.7
2026-08-28,411,ntgnewbie,US,5.9,-5.7,11/50/0,18.0,50,240.4
2026-08-28,412,Princess,US,4.5,-8.7,8/32/0,20.0,38,252.6
2026-08-28,413,kds4783,US,4.0,-23.8,61/183/0,25.0,135,163.2
2026-08-28,414,Kossuth,RU,2.9,-37.2,18/62/0,22.5,54,253.7
2026-08-28,415,ComplyOrDie,GB,1.7,11,4/40/0,9.1,28,228.0
2026-08-28,416,anti mantice,GB,1.5,13,4/21/0,16.0,23,232.3
2026-08-28,417,SpaceCowboy,US,1.0,5,8/22/1,27.4,30,152.3
2026-08-28,418,Epitaph,ZZ,0.1,4,8/17/0,32.0,20,127.5
2026-08-29,1,Winner,US,755.6,-26.3,103/35/2,74.3,45,580.5
2026-08-29,2,Mirage,AU,748.4,+44.2,331/156/6,67.7,128,526.0
2026-08-29,3,kamikaze,GB-SCT,725.4,+11.5,237/61/3,79.2,97,458.1
2026-08-29,4,Maelstrom,CA,718.5,1,525/215/13,70.6,129,537.4
2026-08-29,5,Nemesis,US,703.3,-20.9,247/117/10,67.4,106,539.0
2026-08-29,6,Eagle06,CH,694.3,1,120/22/8,82.7,92,399.0
2026-08-29,7,embracingracialunity.org,US,691.5,-15.7,186/19/0,90.7,124,229.6
2026-08-29,8,BFG,NL,686.4,+25.1,35/10/1,77.2,36,454.8
2026-08-29,9,Hielco,NL,667.7,1,11/12/2,48.0,15,620.8
2026-08-29,10,Fairway,US,648.4,1,89/35/5,70.9,69,414.4
2026-08-29,11,Diddy,ZZ,648.3,-16.4,280/124/6,69.0,107,473.8
2026-08-29,12,zach21,US,625.2,1,115/87/7,56.7,68,519.0
2026-08-29,13,Kanonenkeks,DE,619.9,+7.1,347/180/3,65.8,154,440.7
2026-08-29,14,eb124,BE,612.3,2,9/5/1,63.3,13,496.2
2026-08-29,15,DIVERGENT,AU,602.2,+9.1,63/44/2,58.7,62,485.4
2026-08-29,16,Karolus,PL,594.9,1,36/28/0,56.3,43,551.7
2026-08-29,17,PokerFace,ZA,590.7,4,241/96/7,71.1,142,383.3
2026-08-29,18,Garulfo,NL,589.8,1,44/31/2,58.4,46,506.8
2026-08-29,19,SIR_Bal,GR,582.7,19,6/6/0,50.0,11,480.9
2026-08-29,20,Lottorush,US,575.0,+15.9,346/177/11,65.8,144,430.7
2026-08-29,21,OVERLORD,GR,571.8,3,221/77/4,73.8,111,478.9
2026-08-29,22,411 Discipline,US,571.3,6,82/30/2,72.8,67,382.5
2026-08-29,23,Frosty :),US,571.1,-13.0,135/159/2,45.9,52,616.7
2026-08-29,24,garlick,FR,569.5,+10.9,246/225/14,52.2,126,469.9
2026-08-29,25,Henry domerkant,GR,567.9,1,537/287/21,64.8,181,476.7
2026-08-29,26,sweet52,ZZ,567.4,1,43/6/0,87.8,34,366.4
2026-08-29,27,gpet0,GR,566.7,1,787/436/20,64.1,242,386.2
2026-08-29,28,kartoffelfresser,ZZ,566.4,9,80/97/3,45.3,73,520.6
2026-08-29,29,recar,US,561.9,+1.6,73/21/7,75.7,46,303.4
2026-08-29,30,Bad Milo,NL,560.7,7,26/22/1,54.1,30,552.3
2026-08-29,31,gkaros,GR,560.4,2,28/19/0,59.6,32,495.0
2026-08-29,32,tonylaw44,GR,559.2,+49.1,772/299/11,71.9,266,348.4
2026-08-29,33,Display,ZZ,549.3,-16.8,63/37/3,62.6,63,441.2
2026-08-29,34,Sekertzis1973,GR,546.3,-2.8,478/203/17,69.7,167,431.9
2026-08-29,35,Nightwolf,NR,542.9,-10.5,233/42/5,84.1,175,229.1
2026-08-29,36,Napoleon 1er,CH,533.0,+5.0,80/47/4,62.6,65,449.3
2026-08-29,37,Jack,ZZ,518.4,+3.7,133/108/6,55.1,95,457.4
2026-08-29,38,Spartacus,NL,516.7,6,269/164/9,61.9,159,367.9
2026-08-29,39,mirmidonas,GR,512.3,2,78/21/0,78.8,62,240.3
2026-08-29,40,Ollie,CA,507.2,-43.0,428/219/20,65.7,220,341.0
2026-08-29,41,Skyfall,BE,507.1,1,208/105/5,66.2,135,422.5
2026-08-29,42,Who Cares?,DE,504.7,+13.9,609/523/16,53.7,226,402.9
2026-08-29,43,PHAETHON,GR,501.7,+14.6,193/139/10,57.9,138,406.6
2026-08-29,44,Andreas94,GR,501.4,+28.0,243/215/4,53.0,152,400.6
2026-08-29,45,warlock,US,500.0,-16.9,207/120/7,63.0,119,416.6
2026-08-29,46,LAHSRAM,CN,496.2,+3.4,107/87/0,55.2,58,520.8
2026-08-29,47,Stelios,GR,496.0,-2.2,122/54/0,69.3,94,397.0
2026-08-29,48,Don Mitsos,GR,494.8,+13.1,454/234/14,65.7,186,386.2
2026-08-29,49,Duncan,NL,494.0,14,32/30/1,51.6,42,496.2
2026-08-29,50,Tomba,BE,493.3,+17.3,34/8/0,81.0,33,233.9
2026-08-29,51,Unseen Hero,GR,486.0,-26.5,592/300/9,66.2,247,358.6
2026-08-29,52,Samuel,GB,481.8,+5.5,416/295/17,58.3,183,418.8
2026-08-29,53,Morx,NL,480.7,7,39/19/4,66.1,42,396.1
2026-08-29,54,Pinnacle,ZZ,477.3,4,41/10/3,78.7,46,307.9
2026-08-29,55,JIREN,PE,476.9,+24.3,169/154/12,52.2,109,494.0
2026-08-29,56,guibui,DE,476.8,-3.8,509/149/7,77.1,242,274.7
2026-08-29,57,Marmal,NL,473.3,+43.4,420/305/9,57.8,221,372.2
2026-08-29,58,Pericoperez,ES,472.8,19,81/65/2,55.4,73,354.6
2026-08-29,59,Donnafugata,IT,469.2,1,245/47/2,83.7,173,196.3
2026-08-29,60,roeczak,GR,468.8,4,38/42/1,47.5,47,476.1
2026-08-29,61,Jerry,US,463.4,9,15/7/2,66.7,22,328.3
2026-08-29,62,Barbarians,GI,463.1,+21.4,207/127/6,61.8,149,350.6
2026-08-29,63,Rich piana,GR,462.0,+10.5,107/89/2,54.5,117,350.4
2026-08-29,64,Chaidari,GR,461.7,+3.1,372/286/2,56.5,215,293.0
2026-08-29,65,Panter,CZ,461.1,-22.7,215/110/5,65.9,136,362.2
2026-08-29,66,Barri,ES,459.8,6,43/25/1,63.0,50,369.6
2026-08-29,67,crusader,GR,459.6,+7.6,244/157/6,60.7,167,343.6
2026-08-29,68,Vindicta,US,458.3,21,225/133/5,62.7,114,430.3
2026-08-29,69,FGP_,GR,457.1,2,105/46/4,69.0,99,300.9
2026-08-29,70,Vexplop,ZZ,456.2,+17.2,516/491/4,51.2,221,397.2
2026-08-29,71,Yo mamas,BA,453.9,-4.7,856/770/5,52.6,254,331.3
2026-08-29,72,SETTLER,TZ,453.2,+19.1,454/347/9,56.6,152,394.8
2026-08-29,73,Odo,NL,451.5,-37.1,151/88/4,63.0,132,341.9
2026-08-29,74,Knightsnake,US,450.0,1,162/46/3,77.5,97,188.4
2026-08-29,75,HazMate14,AU,446.3,+22.0,88/52/6,62.3,93,308.0
2026-08-29,76,Rambo,AU,446.2,-11.5,244/156/5,60.9,165,337.9
2026-08-29,77,Karma,AU,445.4,-58.4,100/124/1,44.7,88,525.5
2026-08-29,78,Kostass2506,GR,443.1,-10.2,541/453/31,54.3,215,407.7
2026-08-29,79,Nick Dusk,ZZ,442.4,+8.5,220/152/8,58.9,159,333.9
2026-08-29,80,ICANMAKEUFAMOUS,BF,441.1,5,91/66/3,57.8,95,336.1
2026-08-29,81,Atraf,IL,441.1,+0.2,246/139/5,63.7,140,370.3
2026-08-29,82,Grizzlybear,DE,440.4,+6.8,58/36/5,61.1,71,370.4
2026-08-29,83,XXXStrategy,CA,439.5,-26.7,60/23/3,71.5,59,314.8
2026-08-29,84,skaven,NO,439.2,+6.2,68/51/5,56.9,87,377.9
2026-08-29,85,Tasos.kaps,GR,437.7,1,161/98/2,62.1,139,348.6
2026-08-29,86,Ides_Of_March_NC,US,434.1,5,179/66/16,71.6,131,274.9
2026-08-29,87,TourniKID,DE,433.5,18,44/28/2,60.8,63,357.4
2026-08-29,88,AmazingGeorges,CA,418.7,+16.0,100/94/5,51.5,111,371.7
2026-08-29,89,Guest Mystery,NL,417.8,-17.6,44/28/3,60.7,55,340.5
2026-08-29,90,The Seventh Seal,US,415.6,-10.2,112/71/1,61.1,108,342.3
2026-08-29,91,TheBlackDress,US,414.4,+9.0,138/71/1,66.0,114,325.0
2026-08-29,92,Späher,DE,413.6,5,56/43/3,56.4,73,338.1
2026-08-29,93,KingTubby,JM,413.4,-93.2,329/157/8,67.4,186,372.1
2026-08-29,94,banana_hammock,US,412.5,-20.3,542/234/22,69.3,242,320.8
2026-08-29,95,Roland,GB,411.6,+12.9,168/158/1,51.5,122,323.0
2026-08-29,96,Jovo,IT,407.9,12,34/18/1,65.1,44,286.7
2026-08-29,97,ruined_creature,MX,404.1,-4.1,798/588/18,57.5,264,351.2
2026-08-29,98,Leppie,BE,400.7,14,21/16/2,56.4,33,350.0
2026-08-29,99,Wnehme,LB,399.9,-23.7,251/149/6,62.6,161,344.5
2026-08-29,100,CORNERFLAGLEFT,ZZ,399.6,+7.1,186/145/4,56.1,148,338.0
2026-08-29,101,BurningGoldfish,ZZ,397.8,1,8/5/1,60.7,14,372.3
2026-08-29,102,green panther,AT,396.2,7,62/54/0,53.4,73,365.3
2026-08-29,103,Mr PEP,GP,395.9,22,157/124/2,55.8,140,283.6
2026-08-29,104,player-anw,US,395.1,3,65/38/2,62.9,79,302.8
2026-08-29,105,skeptikistis,GR,394.3,-16.1,18/11/3,60.9,27,349.7
2026-08-29,106,milad,SE,394.3,-28.4,462/494/22,48.4,209,428.5
2026-08-29,107,an_album_cover,NZ,393.6,1,133/80/0,62.4,137,301.3
2026-08-29,108,NavyJoe,US,391.4,-19.1,90/55/0,62.1,98,316.4
2026-08-29,109,TemplateRex,NL,390.0,2,36/26/0,58.1,48,278.9
2026-08-29,110,Strategos,NL,387.5,+44.6,228/189/6,54.6,170,290.4
2026-08-29,111,KarnaVNP,SR,387.4,6,15/8/3,63.5,23,327.9
2026-08-29,112,Nyxtas,GR,385.8,-37.1,28/27/2,50.9,44,379.1
2026-08-29,113,Daniel G,US,382.6,+86.5,413/447/5,48.0,240,301.3
2026-08-29,114,Lord Vader,US,382.4,+18.9,197/140/0,58.5,143,314.0
2026-08-29,115,Kuni,US,382.3,8,13/4/1,75.0,15,342.6
2026-08-29,116,BATTLECRY,AU,378.8,1,80/96/0,45.5,94,410.6
2026-08-29,117,WTF,GR,377.5,1,159/110/1,59.1,134,332.5
2026-08-29,118,Biber1,DE,375.4,6,20/10/1,66.1,28,292.6
2026-08-29,119,Pieter,NL,374.3,+14.7,138/103/4,57.1,124,358.1
2026-08-29,120,Katama,NL,370.7,-15.0,35/35/0,50.0,56,367.6
2026-08-29,121,knickles,US,367.9,+15.0,78/32/1,70.7,68,198.7
2026-08-29,122,marcheese,CA,366.6,+14.3,105/80/10,56.4,103,381.8
2026-08-29,123,Spears,ES,364.7,28,419/323/7,56.4,182,316.6
2026-08-29,124,DontCryWhenILottoU,US,362.1,-49.2,648/680/4,48.8,290,305.8
2026-08-29,125,Roger Oncemore II,DE,360.9,1,133/114/11,53.7,149,307.4
2026-08-29,126,Chainsaw Man,IE,357.2,+12.0,924/835/22,52.5,301,287.4
2026-08-29,127,OZZZY,CA,355.4,1,56/51/2,52.3,79,317.5
2026-08-29,128,Sirius,GR,353.7,3,149/119/4,55.5,119,284.4
2026-08-29,129,Ghostzapper,US,353.6,+5.2,117/57/2,67.0,114,274.3
2026-08-29,130,bobstack,US,353.0,1,41/29/0,58.6,58,271.3
2026-08-29,131,IKnowThingsGood,US,352.1,1,106/78/3,57.5,113,286.1
2026-08-29,132,Thanathos,IT,351.0,-15.0,444/375/10,54.2,237,301.3
2026-08-29,133,joeli,DE,349.0,2,63/51/0,55.3,72,329.3
2026-08-29,134,Timmy,GB,348.4,-16.7,303/273/15,52.5,213,325.4
2026-08-29,135,Alexander007,DE,347.0,-8.2,19/19/0,50.0,34,325.8
2026-08-29,136,Liogreen,AT,343.6,-38.8,166/176/5,48.6,155,475.4
2026-08-29,137,Venom,US,342.5,+1.4,161/182/2,47.0,131,322.9
2026-08-29,138,fungio,ZZ,342.4,-3.0,241/212/8,53.1,178,307.2
2026-08-29,139,MigmaShelter,JP,342.3,3,13/13/0,50.0,22,343.2
2026-08-29,140,MacyTheBlackCAT,US,341.9,+1.9,397/396/18,50.1,229,349.7
2026-08-29,141,Tilor,US,339.3,+21.8,78/66/5,54.0,101,314.5
2026-08-29,142,theos,GR,336.5,3,17/14/1,54.7,27,289.1
2026-08-29,143,molswi,CA,335.7,2,122/111/6,52.3,141,286.4
2026-08-29,144,Jossy,DE,334.7,-0.9,89/87/7,50.5,88,309.2
2026-08-29,145,BaronNr1,NL,333.9,4,8/13/0,38.1,19,283.0
2026-08-29,146,GORLAMI,ZZ,332.7,1,263/241/30,52.1,172,337.4
2026-08-29,147,mindfocus,BE,332.3,2,16/5/1,75.0,18,257.5
2026-08-29,148,Blackstar,DE,332.1,3,19/9/0,67.9,24,213.1
2026-08-29,149,Battle Tested,US,330.9,-15.5,24/18/0,57.1,36,238.6
2026-08-29,150,VAGABOND JOE,NO,330.4,+23.9,76/71/5,51.6,104,300.1
2026-08-29,151,Kranevitter,NL,329.7,+33.4,143/115/4,55.3,137,302.6
2026-08-29,152,Guventus,GB,328.1,1,260/246/5,51.4,173,324.9
2026-08-29,153,(mind_is_blown),CA,326.3,+7.3,189/214/4,46.9,171,321.1
2026-08-29,154,Cutie,CX,326.0,-5.6,99/83/1,54.4,108,282.5
2026-08-29,155,Martisio,ES,324.1,-22.5,86/66/3,56.5,106,292.4
2026-08-29,156,BIGBOOM,US,322.6,+5.1,47/53/2,47.1,73,330.5
2026-08-29,157,Isi,GR,321.7,+2.4,141/155/0,47.6,154,314.5
2026-08-29,158,Pintel,US,320.7,-13.1,96/65/3,59.5,99,269.4
2026-08-29,159,Meoww,NL,320.1,-45.0,85/73/6,53.7,106,355.8
2026-08-29,160,Tomjonas,VA,319.9,+1.1,273/279/10,49.5,196,303.2
2026-08-29,161,Lawww,US,318.8,7,99/86/6,53.4,121,261.1
2026-08-29,162,The CAP,US,318.4,-7.2,172/198/5,46.5,183,300.6
2026-08-29,163,cde,ZZ,317.9,+8.1,8/6/0,57.1,11,180.1
2026-08-29,164,Just4fun,ZW,317.7,16,31/21/3,59.1,45,239.3
2026-08-29,165,Unflagged,ZZ,317.4,22,41/43/5,48.9,59,324.9
2026-08-29,166,Petra,US,317.0,11,241/173/0,58.2,167,332.9
2026-08-29,167,WICKED LESTER,US,316.8,4,76/53/1,58.8,67,249.0
2026-08-29,168,Jack*Of*Trades,US,314.5,-12.3,99/109/1,47.6,119,309.3
2026-08-29,169,SmokingGun,SY,313.8,1,232/242/6,49.0,187,309.6
2026-08-29,170,Mamadou,AO,313.7,2,50/26/1,65.6,64,234.5
2026-08-29,171,Noscope420,US,310.9,6,63/54/3,53.8,77,289.6
2026-08-29,172,Commish,US,310.0,-20.1,455/459/7,49.8,251,313.3
2026-08-29,173,Goldeneyes,HU,309.8,+12.4,314/299/20,51.2,236,301.5
2026-08-29,174,cycy17,BE,309.7,+8.5,107/158/2,40.4,153,291.8
2026-08-29,175,The Trooper,US,309.2,+8.0,4/6/2,41.7,11,315.8
2026-08-29,176,TheRick616,CA,307.7,-1.9,27/25/0,51.9,40,312.9
2026-08-29,177,Eise the Great,NL,306.8,1,56/47/3,54.2,69,295.0
2026-08-29,178,Marschall82,DE,306.6,+0.4,115/110/3,51.1,107,292.6
2026-08-29,179,Pretzel Logic,BS,306.6,-66.9,380/424/6,47.3,239,303.1
2026-08-29,180,Kloppo09,DE,305.2,-2.9,34/39/0,46.6,59,341.5
2026-08-29,181,LSR70,BE,303.1,+35.3,424/382/33,52.5,230,323.5
2026-08-29,182,MagezuficA,PS,302.8,-17.5,152/237/1,39.1,163,320.0
2026-08-29,183,Plátano,PA,301.4,10,45/47/1,48.9,61,292.0
2026-08-29,184,RashCobra105,BT,301.0,-11.8,33/24/0,57.9,45,310.1
2026-08-29,185,Zevy,GE,299.5,+5.2,112/85/4,56.7,115,262.0
2026-08-29,186,Flag Man,US,298.0,+59.5,54/66/1,45.0,83,297.2
2026-08-29,187,Tooney13!,CA,297.6,+41.3,126/121/3,51.0,121,288.5
2026-08-29,188,Pizza70 wow,IT,296.4,+13.7,400/395/7,50.3,238,296.8
2026-08-29,189,dindo,MT,295.6,+12.4,489/434/13,52.9,279,284.7
2026-08-29,190,Miss Aida,US,293.3,+53.0,204/164/4,55.4,181,194.4
2026-08-29,191,Samos,ZZ,293.3,3,15/13/1,53.4,26,279.0
2026-08-29,192,Nyord,DK,292.0,-9.1,62/59/4,51.2,83,262.8
2026-08-29,193,player-mag,BE,291.3,5,34/23/0,59.6,46,183.9
2026-08-29,194,morias,GR,291.1,-14.6,24/31/0,43.6,47,312.5
2026-08-29,195,Mantis,US,290.8,+25.4,263/242/6,52.1,186,311.0
2026-08-29,196,TheKing,BE,289.7,5,10/6/0,62.5,15,220.3
2026-08-29,197,Empalador,ZZ,286.3,5,517/484/9,51.6,222,307.8
2026-08-29,198,artav,US,284.7,+10.1,231/189/5,54.9,180,325.1
2026-08-29,199,SolusVeritas,US,284.7,5,26/18/0,59.1,34,236.4
2026-08-29,200,Sibelius,EE,283.7,7,30/26/2,53.4,42,246.1
2026-08-29,201,skl,ZZ,282.2,-44.1,280/211/7,56.9,214,268.1
2026-08-29,202,Prince of Thieves,NL,281.8,-8.2,51/39/2,56.5,67,225.8
2026-08-29,203,Sozo,US,278.7,+13.7,65/61/0,51.6,69,277.7
2026-08-29,204,johnny d,GR,278.5,+77.8,346/419/8,45.3,243,290.3
2026-08-29,205,hammond,ZZ,275.9,-2.9,52/72/0,41.9,93,332.3
2026-08-29,206,Colinbbost,GR,275.6,2,30/38/1,44.2,51,346.3
2026-08-29,207,Dirk Drent,ZZ,274.7,3,190/207/1,47.9,149,265.2
2026-08-29,208,Suspicious99,DE,274.5,1,29/26/0,52.7,47,248.6
2026-08-29,209,JustBeFactual,ZZ,274.4,2,139/123/4,53.0,141,275.8
2026-08-29,210,Rolex_Cowboy,US,272.3,+31.4,210/238/6,46.9,194,310.9
2026-08-29,211,Pepicio,ES,272.1,24,32/32/1,50.0,36,288.4
2026-08-29,212,federer,ES,271.2,-11.1,61/68/17,47.6,99,246.8
2026-08-29,213,Implabable,US,268.4,-41.3,54/39/0,58.1,69,277.0
2026-08-29,214,Muffinman,IT,267.9,+46.3,115/149/3,43.6,119,302.6
2026-08-29,215,Homer,ES,267.6,+8.8,82/92/3,47.2,111,304.5
2026-08-29,216,Silverhammer,US,264.6,1,36/32/1,52.9,50,256.0
2026-08-29,217,aaron5000,US,264.6,14,8/7/0,53.3,15,260.2
2026-08-29,218,Yanis,GR,264.4,10,75/90/1,45.5,111,308.5
2026-08-29,219,DAG1105,CL,263.4,-17.3,336/324/6,50.9,217,307.8
2026-08-29,220,Mercer,US,262.2,23,29/22/1,56.7,43,254.6
2026-08-29,221,GIANNIS P.,GR,261.6,21,19/38/1,33.6,41,361.3
2026-08-29,222,KAOS Agent,US,260.7,9,267/283/9,48.6,209,195.2
2026-08-29,223,Nikiforos Fokas,GR,255.8,+7.1,148/210/0,41.3,150,317.4
2026-08-29,224,Chillado,VA,254.8,+2.3,207/297/3,41.1,211,254.9
2026-08-29,225,Pepico,JP,254.2,-10.8,15/21/0,41.7,23,316.0
2026-08-29,226,floki,BE,253.5,8,15/16/0,48.4,29,283.1
2026-08-29,227,Simply The Best,US,253.2,1,70/63/3,52.6,93,248.8
2026-08-29,228,ConKord,GR,252.7,-6.7,358/391/10,47.8,237,254.7
2026-08-29,229,philchillas,GB,252.6,-77.1,194/197/0,49.6,184,301.7
2026-08-29,230,FelixG,MX,251.8,-13.6,177/179/0,49.7,168,306.4
2026-08-29,231,Fairweigh,CX,251.1,-25.8,315/329/15,48.9,234,302.1
2026-08-29,232,Hannibaal Barca,LB,249.6,1,11/14/0,44.0,24,347.4
2026-08-29,233,rave55,IN,243.2,-5.2,685/696/26,49.6,325,289.0
2026-08-29,234,Sicosi25,PA,242.2,+4.5,231/349/6,39.9,198,308.6
2026-08-29,235,Lone ranger,ZZ,241.1,2,54/80/1,40.4,77,321.0
2026-08-29,236,1976Diamonds,GR,240.5,-5.2,303/345/7,46.8,185,325.3
2026-08-29,237,Moneymaker,US,240.4,1,85/96/0,47.0,111,248.7
2026-08-29,238,Mathias,BE,240.1,18,13/18/1,42.2,21,313.5
2026-08-29,239,Hades,US,240.0,+0.4,34/36/1,48.6,53,254.6
2026-08-29,240,Enterprise,MH,238.2,+1.9,24/35/2,41.0,50,314.8
2026-08-29,241,CWJ,ZZ,235.5,+37.4,62/66/2,48.5,89,256.0
2026-08-29,242,hakster,ZZ,233.5,19,35/55/1,39.0,57,310.5
2026-08-29,243,anthoula,IS,233.5,12,16/17/0,48.5,31,273.4
2026-08-29,244,Serv1,GR,232.3,2,48/74/1,39.4,82,300.4
2026-08-29,245,MintFlavouredMarshal,DE,230.4,1,21/15/1,58.1,32,256.9
2026-08-29,246,Redeyes,GR,229.2,-14.6,33/40/1,45.3,63,294.1
2026-08-29,247,Sober_Killer,US,226.3,13,91/105/2,46.5,114,302.4
2026-08-29,248,Malfun Maboun,DE,226.0,-13.1,52/51/1,50.5,76,279.1
2026-08-29,249,Silverwing92,NL,225.7,-6.7,19/20/0,48.7,34,266.4
2026-08-29,250,theoneandonly,ZZ,223.5,+7.6,117/112/3,51.1,108,236.9
2026-08-29,251,Juan_McDavidson,ZZ,222.1,3,47/45/0,51.1,67,208.4
2026-08-29,252,Hero,GR,222.0,1,329/339/16,49.3,214,309.4
2026-08-29,253,alkisagg,CA,220.9,25,36/44/1,45.1,59,271.2
2026-08-29,254,Agrippa,US,219.7,1,27/40/1,40.4,46,275.4
2026-08-29,255,ActionDan,US,218.9,-18.2,89/118/2,43.1,124,283.8
2026-08-29,256,Missouri,NL,217.5,6,53/77/1,40.8,89,300.6
2026-08-29,257,Branko Jevremov,RS,215.8,+4.2,67/110/2,38.0,114,276.0
2026-08-29,258,Blue Tom,AT,215.6,+2.4,57/77/1,42.6,92,270.8
2026-08-29,259,schnobi,CH,215.3,1,276/414/6,40.1,230,316.4
2026-08-29,260,TheSweetieMan,US,211.6,3,35/49/3,42.0,69,251.8
2026-08-29,261,BirdGang,US,210.5,+5.4,17/18/0,48.6,31,263.5
2026-08-29,262,dyrson,BR,208.8,+9.9,262/357/6,42.4,232,280.6
2026-08-29,263,ironman,BE,208.5,1,6/7/0,46.2,11,266.5
2026-08-29,264,SNIK,GR,207.9,-0.6,8/12/0,40.0,16,312.9
2026-08-29,265,Franz K.,DE,207.7,+16.0,37/56/5,40.3,67,275.3
2026-08-29,266,Cannon,UA,206.3,-3.0,244/503/9,32.9,251,311.3
2026-08-29,267,MRP75,GB,204.0,+61.8,18/13/1,57.8,22,156.3
2026-08-29,268,balou,BE,203.5,-7.2,72/76/1,48.7,88,251.0
2026-08-29,269,Al Hakeem,FR,203.5,+28.5,123/156/0,44.1,147,248.6
2026-08-29,270,Forestman,NL,202.3,+10.0,48/37/1,56.4,63,159.8
2026-08-29,271,FalseAlarm,AU,202.0,2,50/73/3,40.9,83,303.3
2026-08-29,272,BokiLender,RS,201.9,-54.3,495/437/25,53.0,292,253.9
2026-08-29,273,dalee,GR,201.2,2,17/33/0,34.0,44,306.6
2026-08-29,274,Mata Hari,GR,200.3,+18.2,21/30/1,41.3,47,275.8
2026-08-29,275,Edinace,BA,200.0,29,39/112/8,27.0,82,370.3
2026-08-29,276,Gambit777,US,199.6,-16.0,109/158/1,40.9,138,296.3
2026-08-29,277,Rexxxer,NL,199.5,15,134/206/0,39.4,147,270.2
2026-08-29,278,duku77,NL,199.1,-32.3,127/159/5,44.5,134,269.6
2026-08-29,279,ZOOGRAFOS,GR,197.4,+5.6,150/135/4,52.6,127,312.5
2026-08-29,280,RasmusVJ,DK,196.1,+8.6,119/196/6,38.0,149,155.5
2026-08-29,281,goopy16204,US,195.1,4,26/40/2,39.7,49,287.7
2026-08-29,282,Dunk90,US,194.8,-6.2,225/263/2,46.1,164,271.2
2026-08-29,283,Miss Elida,US,194.3,2,344/351/2,49.5,265,197.5
2026-08-29,284,HARALD,BE,194.0,-13.5,247/388/6,39.0,235,264.2
2026-08-29,285,400tui,CA,193.6,+0.4,133/315/3,29.8,188,322.8
2026-08-29,286,mgz1408,AT,193.0,+11.8,181/265/5,40.7,152,257.0
2026-08-29,287,LittleGuy,ZZ,190.9,-8.8,523/646/14,44.8,268,273.8
2026-08-29,288,queensbury,US,189.5,-7.2,93/124/5,43.0,126,260.7
2026-08-29,289,Tamarindo,US,188.7,1,270/431/27,38.9,237,308.0
2026-08-29,290,HATETHEWORLD,BE,188.1,12,115/198/4,36.9,175,253.2
2026-08-29,291,Francisco,ES,187.0,2,27/37/3,42.5,55,266.9
2026-08-29,292,Aimathros,GR,186.1,1,62/74/7,45.8,96,238.2
2026-08-29,293,Smiley,NL,186.0,+9.3,21/26/0,44.7,47,228.1
2026-08-29,294,ChefGRD,US,184.0,1,119/159/0,42.8,129,231.1
2026-08-29,295,Zman,US,182.3,2,32/54/2,37.5,66,291.6
2026-08-29,296,Lucky Hands,NL,182.0,+3.9,31/38/0,44.9,55,250.5
2026-08-29,297,Marquise DSD,GR,181.6,+10.8,252/415/8,37.9,259,263.3
2026-08-29,298,Kannemand,DK,180.6,5,4/8/0,33.3,10,284.8
2026-08-29,299,Ready Player One,US,179.2,-13.6,152/271/0,35.9,178,249.1
2026-08-29,300,Player4992-eri,ZZ,179.1,7,24/28/0,46.2,39,183.8
2026-08-29,301,Daverave,ZZ,177.6,12,40/62/2,39.4,71,286.1
2026-08-29,302,WIAmDream,EG,177.3,9,36/62/0,36.7,66,268.5
2026-08-29,303,General Rascal,US,176.9,-5.8,32/27/0,54.2,51,169.8
2026-08-29,304,xap,AU,175.5,1,13/13/0,50.0,21,126.0
2026-08-29,305,fred77,IR,174.0,-12.5,255/412/4,38.3,252,284.7
2026-08-29,306,RLo,ZZ,173.7,-1.8,30/10/0,75.0,30,74.6
2026-08-29,307,SHARK,ZZ,173.6,1,72/159/2,31.3,124,312.6
2026-08-29,308,RickyBobby,ZZ,173.6,+23.5,50/72/1,41.1,95,230.3
2026-08-29,309,Crazydoctor,GR,173.2,12,29/36/0,44.6,55,249.4
2026-08-29,310,Joker,LU,173.1,+33.3,703/888/40,44.3,352,246.3
2026-08-29,311,FBI,AU,165.5,+12.8,142/197/1,41.9,140,279.5
2026-08-29,312,nickoriginal,GR,165.4,3,87/144/4,37.9,129,293.8
2026-08-29,313,Clown,WF,160.6,+13.6,111/218/3,33.9,177,275.0
2026-08-29,314,dings,NL,158.9,-41.7,157/272/2,36.7,171,259.4
2026-08-29,315,Snoi,ZZ,157.7,+19.3,145/270/6,35.2,187,252.4
2026-08-29,316,agatharhidis,GR,157.7,-10.7,97/195/0,33.2,152,310.0
2026-08-29,317,Bibbs22,DE,157.6,6,83/144/0,36.6,113,247.4
2026-08-29,318,Chrigel,CH,155.3,+16.0,44/35/0,55.7,59,123.0
2026-08-29,319,RadicalLibre,DO,154.7,+9.2,37/47/0,44.0,55,177.6
2026-08-29,320,Players,ZZ,154.7,+23.0,151/232/0,39.4,183,246.8
2026-08-29,321,hnaught,CH,153.8,-2.6,47/83/1,36.3,88,296.9
2026-08-29,322,Kandoruus,ZZ,152.6,1,38/76/3,33.8,86,252.4
2026-08-29,323,json,US,152.1,8,29/47/0,38.2,57,238.1
2026-08-29,324,fazi,AT,150.6,+1.4,29/54/2,35.3,60,279.5
2026-08-29,325,alextrip,GR,149.6,3,90/152/3,37.3,133,310.9
2026-08-29,326,Rayvitoles,GR,149.5,28,29/55/2,34.9,57,249.3
2026-08-29,327,funambulista_ka,ZZ,147.8,+11.9,115/229/5,33.7,153,300.1
2026-08-29,328,Generalinfo,US,146.8,+29.4,62/127/1,32.9,109,295.5
2026-08-29,329,teacup,ZZ,139.3,11,128/201/1,38.9,141,258.1
2026-08-29,330,vicksburg,US,138.2,7,14/15/0,48.3,27,185.6
2026-08-29,331,schive24,US,136.1,1,54/94/1,36.6,84,261.0
2026-08-29,332,ZKNark,AX,133.2,+10.7,47/40/0,54.0,61,129.5
2026-08-29,333,guib543,BE,129.7,1,30/44/1,40.7,60,241.5
2026-08-29,334,trintingnant,AG,129.3,-8.3,52/143/1,26.8,121,270.5
2026-08-29,335,That’s Marvelous,ZZ,128.6,-14.1,78/124/3,38.8,127,248.3
2026-08-29,336,Loumand,DK,128.0,-24.0,55/92/1,37.5,98,290.8
2026-08-29,337,CNY,US,119.0,-20.4,68/113/4,37.8,108,203.7
2026-08-29,338,Vodrake,GB,118.8,2,15/21/0,41.7,27,225.4
2026-08-29,339,Colonel Trautman,ES,117.2,-18.5,95/126/3,43.1,123,204.4
2026-08-29,340,Sunnymaster,ZZ,114.9,17,8/15/0,34.8,19,284.4
2026-08-29,341,Gecko,CA,112.5,24,6/21/0,22.2,24,295.7
2026-08-29,342,Number1Grizzly,US,112.0,12,14/28/0,33.3,38,253.0
2026-08-29,343,WaltLemonJr,US,111.8,-17.9,59/94/1,38.6,101,245.2
2026-08-29,344,Mello,IT,111.4,-13.7,188/383/0,32.9,215,271.8
2026-08-29,345,inzy,AU,108.9,7,82/109/3,43.0,103,145.7
2026-08-29,346,Tyto Alba,IT,106.7,-0.8,306/563/4,35.3,235,304.1
2026-08-29,347,StrategoFreund,DE,106.4,6,116/327/1,26.2,205,260.3
2026-08-29,348,Yas,FR,105.1,+9.5,11/29/0,27.5,31,268.9
2026-08-29,349,Scottf12345,US,105.0,-21.6,46/95/0,32.6,100,274.1
2026-08-29,350,Cut Killah,FJ,103.5,6,21/58/0,26.6,55,319.3
2026-08-29,351,Zaz,ZZ,102.2,5,5/14/1,27.5,18,281.6
2026-08-29,352,Butcherjack,DK,100.8,+4.7,26/47/1,35.8,60,235.0
2026-08-29,353,Dark Lord,US,98.2,+3.8,102/249/4,29.3,134,270.8
2026-08-29,354,Backyard Game,CA,98.1,12,16/30/0,34.8,37,241.7
2026-08-29,355,BasilTheBatlord,ZZ,96.8,14,13/23/0,36.1,25,221.3
2026-08-29,356,davids,ZZ,92.4,6,6/15/1,29.5,20,245.7
2026-08-29,357,Shivaanoz,BE,90.4,+24.2,112/236/1,32.2,172,270.8
2026-08-29,358,iwikilu,US,89.3,+65.3,25/89/1,22.2,91,222.0
2026-08-29,359,warsoftrilbal,NL,88.7,29,5/11/0,31.3,15,178.4
2026-08-29,360,commander bob,US,88.3,1,31/42/0,42.5,53,185.9
2026-08-29,361,General Thompson,US,81.5,-7.8,121/210/1,36.6,168,247.2
2026-08-29,362,MISA,ZZ,81.2,-6.1,32/63/0,33.7,73,238.8
2026-08-29,363,Bodo,DE,80.5,22,7/17/0,29.2,18,215.1
2026-08-29,364,TheArtfulDodger,CA,80.3,8,27/32/0,45.8,34,133.5
2026-08-29,365,edges,CH,76.3,2,10/17/1,37.5,26,177.1
2026-08-29,366,Knightmare Dungeoneers,GB,76.3,1,162/178/5,47.7,150,106.3
2026-08-29,367,Popolaretti,ZZ,76.1,1,11/24/0,31.4,30,200.8
2026-08-29,368,PsychicPi,US,70.4,21,9/12/0,42.9,18,101.6
2026-08-29,369,Arwad,ZZ,68.4,+53.9,2/18/1,11.9,19,256.9
2026-08-29,370,Rantanplan,ZZ,63.5,1,8/20/0,28.6,24,219.9
2026-08-29,371,Kaibs,CA,63.2,5,15/30/0,33.3,38,198.7
2026-08-29,372,TanKHuntER,US,56.0,+18.8,9/19/0,32.1,27,189.4
2026-08-29,373,Beammeup,US,55.2,+9.7,20/24/1,45.6,27,103.4
2026-08-29,374,Funkybunch,ZZ,54.8,11,267/454/3,37.1,294,222.2
2026-08-29,375,evdog104,PS,54.6,+8.2,39/67/1,36.9,70,202.2
2026-08-29,376,jagger314,BR,50.5,-20.0,52/137/0,27.5,103,225.9
2026-08-29,377,ECfnW,NL,48.3,1,38/96/1,28.5,66,110.4
2026-08-29,378,widersach,DE,47.9,6,32/49/1,39.6,50,129.5
2026-08-29,379,narobber,BE,46.4,+11.4,10/20/0,33.3,26,233.0
2026-08-29,380,Vasily Tukhachevsky,RU,46.3,25,5/21/1,20.4,21,316.7
2026-08-29,381,Knoway,ZZ,44.8,15,12/29/0,29.3,28,211.0
2026-08-29,382,ACWilhelm,US,41.8,-0.1,15/43/1,26.3,44,253.7
2026-08-29,383,lirussy,ZZ,41.2,11,8/19/0,29.6,23,172.6
2026-08-29,384,Spoon,US,41.0,14,12/33/0,26.7,32,196.9
2026-08-29,385,Snaketaco,US,39.8,3,17/51/0,25.0,50,185.4
2026-08-29,386,JeromeV,ZZ,38.5,-11.6,12/22/1,35.7,29,164.4
2026-08-29,387,Darquise,DE,35.7,+4.6,7/30/0,18.9,33,286.6
2026-08-29,388,Mervyn10,PY,33.4,18,13/86/0,13.1,58,188.3
2026-08-29,389,Karatekapro15,ES,33.3,+33.3,9/22/0,29.0,26,186.1
2026-08-29,390,Winx,ZZ,33.1,4,26/80/0,24.5,67,306.0
2026-08-29,391,Longshanks,ZZ,32.9,3,6/16/0,27.3,18,240.4
2026-08-29,392,honda08,GR,30.5,-8.7,8/28/1,23.0,30,234.0
2026-08-29,393,killersuv,ZZ,25.6,4,4/17/0,19.0,18,152.2
2026-08-29,394,TWFanClub,US,25.5,20,13/69/0,15.9,58,303.3
2026-08-29,395,Rev MD,US,25.3,4,2/10/0,16.7,12,205.4
2026-08-29,396,SnazzyT,US,25.0,1,16/45/2,27.0,43,195.1
2026-08-29,397,PuffyChickenlegs,US,24.7,18,11/47/0,19.0,40,202.7
2026-08-29,398,TheFatFox,US,24.5,1,8/21/0,27.6,24,212.5
2026-08-29,399,Jesse22,NL,24.0,6,5/33/0,13.2,35,212.5
2026-08-29,400,Bram,BE,23.2,1,55/240/1,18.8,133,336.0
2026-08-29,401,FischC,US,22.0,2,26/95/0,21.5,74,258.8
2026-08-29,402,Llamma,US,16.0,-7.5,2/21/0,8.7,22,196.9
2026-08-29,403,Hieratic,RS,15.8,6,18/60/0,23.1,58,265.4
2026-08-29,404,Coulomb,ZZ,13.8,-22.7,11/37/1,23.5,40,216.7
2026-08-29,405,breizh,FR,12.4,7,6/32/1,16.7,35,264.4
2026-08-29,406,new,US,12.0,-4.3,5/17/0,22.7,18,132.3
2026-08-29,407,DrEgg777,US,10.9,5,6/24/0,20.0,22,200.4
2026-08-29,408,Wolfler,US,10.8,12,3/16/0,15.8,17,312.7
2026-08-29,409,Brutus,CH,8.8,27,4/36/0,10.0,30,278.1
2026-08-29,410,Heinrich Khunrath,BQ,8.7,15,7/22/0,24.1,25,199.1
2026-08-29,411,Boule,DE,8.4,10,9/28/0,24.3,26,203.1
2026-08-29,412,ntgnewbie,US,5.9,1,11/50/0,18.0,50,240.4
2026-08-29,413,Princess,US,4.5,1,8/32/0,20.0,38,252.6
2026-08-29,414,alphastorm04,US,3.0,-5.2,30/72/0,29.4,71,203.5
2026-08-29,415,ComplyOrDie,GB,1.7,12,4/40/0,9.1,28,228.0
2026-08-29,416,anti mantice,GB,1.5,14,4/21/0,16.0,23,232.3
2026-08-29,417,SpaceCowboy,US,1.0,6,8/22/1,27.4,30,152.3
2026-08-29,418,Davmholms,US,0.8,+0.8,87/244/3,26.5,152,245.6
2026-08-29,419,Epitaph,ZZ,0.1,5,8/17/0,32.0,20,127.5
2026-08-30,1,Winner,US,798.0,+42.4,111/35/2,75.7,45,581.0
2026-08-30,2,Mirage,AU,732.4,-16.0,332/158/7,67.5,129,527.2
2026-08-30,3,Nemesis,US,727.1,+23.7,251/117/10,67.7,106,539.1
2026-08-30,4,kamikaze,GB-SCT,725.4,1,231/60/3,79.1,97,458.8
2026-08-30,5,Maelstrom,CA,684.9,-33.7,528/219/13,70.3,129,538.6
2026-08-30,6,embracingracialunity.org,US,684.2,-7.2,191/20/0,90.5,126,230.2
2026-08-30,7,Eagle06,CH,678.1,-16.1,121/24/8,81.7,90,402.6
2026-08-30,8,BFG,NL,673.8,-12.6,34/11/1,75.0,36,454.1
2026-08-30,9,Hielco,NL,667.7,2,11/12/2,48.0,15,620.8
2026-08-30,10,Diddy,ZZ,663.0,+14.7,290/129/7,68.9,108,477.4
2026-08-30,11,Fairway,US,648.4,2,89/34/5,71.5,68,417.2
2026-08-30,12,Henry domerkant,GR,622.3,+54.4,549/294/22,64.7,182,479.5
2026-08-30,13,Kanonenkeks,DE,619.9,1,336/175/2,65.7,148,443.0
2026-08-30,14,eb124,BE,612.3,3,8/4/1,65.4,12,495.0
2026-08-30,15,DIVERGENT,AU,605.9,+3.7,67/47/2,58.6,64,489.9
2026-08-30,16,tonylaw44,GR,602.5,+43.3,780/297/12,72.2,264,348.8
2026-08-30,17,Karolus,PL,598.3,+3.5,37/29/0,56.1,43,555.1
2026-08-30,18,Frosty :),US,596.9,+25.9,144/163/2,46.9,52,613.8
2026-08-30,19,PokerFace,ZA,594.6,+4.0,241/92/7,71.9,141,382.7
2026-08-30,20,Garulfo,NL,589.8,2,43/31/2,57.9,45,506.3
2026-08-30,21,garlick,FR,584.6,+15.0,239/211/14,53.0,124,469.7
2026-08-30,22,Lottorush,US,584.4,+9.3,351/177/11,66.1,144,430.4
2026-08-30,23,SIR_Bal,GR,582.7,20,6/5/0,54.5,10,476.8
2026-08-30,24,OVERLORD,GR,571.8,4,216/77/4,73.4,108,478.3
2026-08-30,25,411 Discipline,US,571.3,7,82/30/2,72.8,67,382.5
2026-08-30,26,sweet52,ZZ,567.4,2,43/6/0,87.8,34,366.4
2026-08-30,27,gpet0,GR,566.7,2,787/436/20,64.1,242,386.2
2026-08-30,28,kartoffelfresser,ZZ,566.4,10,76/91/3,45.6,73,522.0
2026-08-30,29,Nightwolf,NR,561.0,+18.1,231/42/5,84.0,174,227.6
2026-08-30,30,Bad Milo,NL,560.7,8,26/22/1,54.1,30,552.3
2026-08-30,31,gkaros,GR,560.4,3,28/19/0,59.6,32,495.0
2026-08-30,32,Display,ZZ,549.3,1,63/37/3,62.6,63,441.2
2026-08-30,33,recar,US,548.3,-13.5,73/21/7,75.7,45,302.8
2026-08-30,34,Sekertzis1973,GR,546.3,1,477/203/17,69.7,167,431.8
2026-08-30,35,zach21,US,536.0,-89.1,115/95/7,54.6,69,520.0
2026-08-30,36,PHAETHON,GR,534.0,+32.3,196/138/10,58.4,136,409.9
2026-08-30,37,Ollie,CA,528.7,+21.5,432/219/20,65.9,221,340.9
2026-08-30,38,Napoleon 1er,CH,521.1,-12.0,78/44/4,63.5,63,446.4
2026-08-30,39,Jack,ZZ,517.7,-0.7,135/110/6,55.0,96,458.4
2026-08-30,40,Spartacus,NL,516.7,7,269/164/9,61.9,159,367.9
2026-08-30,41,warlock,US,516.5,+16.5,201/120/8,62.3,118,419.9
2026-08-30,42,mirmidonas,GR,512.3,3,75/20/0,78.9,61,242.1
2026-08-30,43,Kostass2506,GR,508.6,+65.5,550/451/32,54.8,212,407.2
2026-08-30,44,Skyfall,BE,496.0,-11.0,203/106/5,65.4,134,422.4
2026-08-30,45,Barbarians,GI,494.5,+31.3,210/126/6,62.3,149,349.9
2026-08-30,46,Duncan,NL,494.0,15,32/30/1,51.6,42,496.2
2026-08-30,47,Tomba,BE,493.3,1,34/8/0,81.0,33,233.9
2026-08-30,48,Don Mitsos,GR,493.3,-1.5,457/237/14,65.5,190,384.5
2026-08-30,49,LAHSRAM,CN,489.1,-7.1,115/96/0,54.5,60,519.3
2026-08-30,50,Andreas94,GR,488.7,-12.8,248/220/4,53.0,154,401.4
2026-08-30,51,Morx,NL,480.7,8,39/19/4,66.1,42,396.1
2026-08-30,52,Pinnacle,ZZ,477.3,5,41/10/3,78.7,46,307.9
2026-08-30,53,JIREN,PE,476.9,1,169/154/12,52.2,109,494.0
2026-08-30,54,Unseen Hero,GR,476.9,-9.1,593/304/9,65.9,244,360.3
2026-08-30,55,crusader,GR,474.3,+14.7,250/160/6,60.8,170,343.4
2026-08-30,56,Pericoperez,ES,472.8,20,81/65/2,55.4,73,354.6
2026-08-30,57,Yo mamas,BA,469.4,+15.5,863/776/5,52.6,255,332.3
2026-08-30,58,Donnafugata,IT,469.2,2,235/46/2,83.4,168,193.4
2026-08-30,59,guibui,DE,469.0,-7.8,507/149/7,77.0,242,274.2
2026-08-30,60,roeczak,GR,468.8,5,38/42/1,47.5,47,476.1
2026-08-30,61,Stelios,GR,467.1,-28.9,126/58/0,68.5,98,393.7
2026-08-30,62,Jerry,US,463.4,10,15/7/2,66.7,22,328.3
2026-08-30,63,Marmal,NL,462.7,-10.7,416/307/9,57.4,222,372.6
2026-08-30,64,Panter,CZ,461.1,1,215/110/5,65.9,136,362.2
2026-08-30,65,Who Cares?,DE,460.9,-43.8,606/528/16,53.4,223,404.4
2026-08-30,66,Vindicta,US,458.3,22,225/133/5,62.7,114,430.3
2026-08-30,67,Rambo,AU,458.0,+11.7,243/154/5,61.1,161,337.3
2026-08-30,68,FGP_,GR,457.1,3,105/46/4,69.0,99,300.9
2026-08-30,69,SETTLER,TZ,453.2,1,454/347/9,56.6,152,394.8
2026-08-30,70,Odo,NL,451.5,1,149/88/4,62.7,132,340.9
2026-08-30,71,Knightsnake,US,450.0,2,162/46/3,77.5,97,188.4
2026-08-30,72,Samuel,GB,447.6,-34.2,423/305/17,57.9,183,419.5
2026-08-30,73,Barri,ES,446.6,-13.1,43/26/1,62.1,51,369.3
2026-08-30,74,Rich piana,GR,446.1,-15.9,107/90/2,54.3,118,349.8
2026-08-30,75,Grizzlybear,DE,445.9,+5.6,57/36/5,60.7,70,375.3
2026-08-30,76,Karma,AU,445.4,1,100/124/1,44.7,88,525.5
2026-08-30,77,AmazingGeorges,CA,445.0,+26.4,104/94/4,52.5,111,370.4
2026-08-30,78,Guest Mystery,NL,442.5,+24.7,44/27/3,61.5,54,336.2
2026-08-30,79,XXXStrategy,CA,439.5,1,60/23/3,71.5,59,314.8
2026-08-30,80,Vexplop,ZZ,439.2,-17.0,510/488/4,51.1,222,396.1
2026-08-30,81,skaven,NO,439.2,1,68/51/5,56.9,87,377.9
2026-08-30,82,ICANMAKEUFAMOUS,BF,438.5,-2.5,90/67/3,57.2,94,336.4
2026-08-30,83,Tasos.kaps,GR,437.7,2,161/98/2,62.1,139,348.6
2026-08-30,84,Ides_Of_March_NC,US,434.1,6,171/64/16,71.3,127,274.0
2026-08-30,85,Atraf,IL,433.7,-7.4,249/141/5,63.7,142,370.3
2026-08-30,86,TourniKID,DE,433.5,19,44/28/2,60.8,63,357.4
2026-08-30,87,Nick Dusk,ZZ,424.6,-17.8,220/149/8,59.4,157,334.2
2026-08-30,88,ruined_creature,MX,424.0,+19.9,790/586/18,57.3,264,351.8
2026-08-30,89,TheBlackDress,US,423.4,+8.9,138/71/1,66.0,113,324.6
2026-08-30,90,HazMate14,AU,423.0,-23.3,89/52/6,62.6,96,305.0
2026-08-30,91,The Seventh Seal,US,421.5,+5.9,111/71/1,60.9,107,343.6
2026-08-30,92,Wnehme,LB,417.4,+17.4,253/150/6,62.6,162,344.5
2026-08-30,93,Chaidari,GR,413.7,-48.0,372/290/2,56.2,216,292.2
2026-08-30,94,Späher,DE,413.6,6,55/42/3,56.5,72,336.3
2026-08-30,95,banana_hammock,US,412.5,1,542/234/22,69.3,242,320.8
2026-08-30,96,Roland,GB,411.6,+0.0,170/159/1,51.7,122,322.9
2026-08-30,97,Jovo,IT,407.9,13,34/18/1,65.1,44,286.7
2026-08-30,98,CORNERFLAGLEFT,ZZ,405.6,+6.0,187/143/4,56.6,148,338.1
2026-08-30,99,marcheese,CA,401.8,+35.2,110/82/10,56.9,104,382.8
2026-08-30,100,Leppie,BE,400.7,15,21/16/2,56.4,33,350.0
2026-08-30,101,BurningGoldfish,ZZ,397.8,2,8/5/1,60.7,14,372.3
2026-08-30,102,green panther,AT,396.2,8,62/51/0,54.9,71,365.9
2026-08-30,103,Mr PEP,GP,395.9,23,157/124/2,55.8,140,283.6
2026-08-30,104,player-anw,US,395.1,4,65/38/2,62.9,79,302.8
2026-08-30,105,skeptikistis,GR,394.3,1,18/11/3,60.9,27,349.7
2026-08-30,106,BATTLECRY,AU,390.6,+11.9,81/96/0,45.8,95,410.8
2026-08-30,107,TemplateRex,NL,390.0,3,36/26/0,58.1,48,278.9
2026-08-30,108,NavyJoe,US,388.4,-3.0,90/56/0,61.6,100,316.9
2026-08-30,109,Nyxtas,GR,387.6,+1.8,27/27/2,50.0,42,381.3
2026-08-30,110,KingTubby,JM,386.0,-27.4,330/162/9,66.8,188,368.5
2026-08-30,111,Kuni,US,382.3,9,13/4/1,75.0,15,342.6
2026-08-30,112,an_album_cover,NZ,380.4,-13.2,134/82/0,62.0,139,301.2
2026-08-30,113,KarnaVNP,SR,380.0,-7.3,15/9/3,61.1,24,333.6
2026-08-30,114,WTF,GR,377.5,2,152/105/1,59.1,132,332.8
2026-08-30,115,Biber1,DE,375.4,7,20/10/1,66.1,28,292.6
2026-08-30,116,MacyTheBlackCAT,US,374.4,+32.5,395/393/18,50.1,227,349.9
2026-08-30,117,Thanathos,IT,373.3,+22.3,447/376/10,54.3,238,301.4
2026-08-30,118,Roger Oncemore II,DE,371.6,+10.8,132/112/9,54.0,144,308.4
2026-08-30,119,Liogreen,AT,369.5,+25.9,171/182/5,48.5,158,475.9
2026-08-30,120,milad,SE,368.1,-26.2,453/493/22,47.9,207,429.2
2026-08-30,121,DontCryWhenILottoU,US,368.1,+6.0,645/675/4,48.9,290,305.8
2026-08-30,122,knickles,US,367.9,1,77/29/1,72.4,65,194.8
2026-08-30,123,Spears,ES,364.7,29,419/323/7,56.4,182,316.6
2026-08-30,124,Lord Vader,US,363.2,-19.3,203/147/0,58.0,145,316.1
2026-08-30,125,Pieter,NL,359.7,-14.5,140/104/4,57.3,125,356.9
2026-08-30,126,dindo,MT,356.1,+60.5,493/432/12,53.3,279,284.4
2026-08-30,127,Katama,NL,355.8,-14.9,36/38/0,48.6,58,369.8
2026-08-30,128,OZZZY,CA,355.4,2,56/51/2,52.3,79,317.5
2026-08-30,129,Ghostzapper,US,353.6,1,111/53/2,67.5,107,273.5
2026-08-30,130,VAGABOND JOE,NO,352.9,+22.5,81/74/5,52.2,108,303.2
2026-08-30,131,Timmy,GB,351.4,+3.0,304/271/15,52.8,213,324.8
2026-08-30,132,Venom,US,350.8,+8.4,158/165/2,48.9,129,322.5
2026-08-30,133,GORLAMI,ZZ,349.0,+16.3,268/241/31,52.5,173,337.7
2026-08-30,134,Martisio,ES,348.8,+24.7,90/68/4,56.8,110,295.2
2026-08-30,135,Sirius,GR,348.1,-5.6,151/120/4,55.6,119,283.0
2026-08-30,136,Meoww,NL,346.2,+26.1,88/74/6,54.2,108,356.7
2026-08-30,137,bobstack,US,346.0,-7.0,42/30/0,58.3,59,265.3
2026-08-30,138,fungio,ZZ,345.0,+2.6,242/213/8,53.1,179,307.6
2026-08-30,139,Daniel G,US,344.6,-38.0,419/453/5,48.1,242,301.0
2026-08-30,140,molswi,CA,343.7,+8.0,121/111/6,52.1,140,286.9
2026-08-30,141,Strategos,NL,343.6,-43.9,231/193/6,54.4,173,288.8
2026-08-30,142,MigmaShelter,JP,342.3,4,13/13/0,50.0,22,343.2
2026-08-30,143,IKnowThingsGood,US,340.0,-12.1,106/78/3,57.5,113,285.3
2026-08-30,144,Tilor,US,339.3,1,78/66/5,54.0,101,314.5
2026-08-30,145,Tomjonas,VA,337.3,+17.4,279/283/10,49.7,198,303.7
2026-08-30,146,theos,GR,336.5,4,17/14/1,54.7,27,289.1
2026-08-30,147,Jossy,DE,334.7,1,89/86/7,50.8,87,308.7
2026-08-30,148,BaronNr1,NL,333.9,5,8/12/0,40.0,18,271.5
2026-08-30,149,Alexander007,DE,332.7,-14.2,19/21/0,47.5,35,332.2
2026-08-30,150,mindfocus,BE,332.3,3,16/5/1,75.0,18,257.5
2026-08-30,151,Chainsaw Man,IE,332.3,-24.8,929/842/22,52.4,304,287.1
2026-08-30,152,Blackstar,DE,332.1,4,19/9/0,67.9,24,213.1
2026-08-30,153,Battle Tested,US,330.9,1,24/18/0,57.1,36,238.6
2026-08-30,154,LSR70,BE,330.9,+27.8,433/386/34,52.8,234,321.7
2026-08-30,155,Kranevitter,NL,329.7,1,141/110/3,56.1,130,302.0
2026-08-30,156,joeli,DE,329.7,-19.3,62/55/0,53.0,73,334.6
2026-08-30,157,Cutie,CX,329.5,+3.5,101/84/1,54.6,109,282.0
2026-08-30,158,Guventus,GB,328.1,2,260/246/5,51.4,173,324.9
2026-08-30,159,Goldeneyes,HU,327.4,+17.6,318/298/19,51.6,237,301.0
2026-08-30,160,(mind_is_blown),CA,326.3,1,189/214/4,46.9,171,321.1
2026-08-30,161,Pretzel Logic,BS,324.3,+17.7,381/416/6,47.8,236,301.9
2026-08-30,162,BIGBOOM,US,322.6,1,47/53/2,47.1,73,330.5
2026-08-30,163,Mamadou,AO,320.9,+7.3,51/26/1,66.0,65,234.2
2026-08-30,164,Pintel,US,320.7,1,93/65/3,58.7,99,269.3
2026-08-30,165,cde,ZZ,320.7,+2.8,9/6/0,60.0,12,168.1
2026-08-30,166,Marschall82,DE,320.6,+14.0,116/111/3,51.1,108,294.7
2026-08-30,167,Lawww,US,318.8,8,98/86/6,53.2,121,261.3
2026-08-30,168,Just4fun,ZW,317.7,17,31/21/3,59.1,45,239.3
2026-08-30,169,Petra,US,317.0,12,241/173/0,58.2,167,332.9
2026-08-30,170,WICKED LESTER,US,316.8,5,76/53/1,58.8,67,249.0
2026-08-30,171,Eise the Great,NL,314.5,+7.7,55/46/3,54.3,67,293.4
2026-08-30,172,SmokingGun,SY,313.8,2,224/238/6,48.5,182,309.4
2026-08-30,173,The CAP,US,313.4,-5.0,173/201/5,46.3,184,302.2
2026-08-30,174,Noscope420,US,310.9,7,61/53/3,53.4,76,290.0
2026-08-30,175,cycy17,BE,309.7,1,106/157/1,40.3,153,291.5
2026-08-30,176,Unflagged,ZZ,309.6,-7.8,42/45/5,48.4,61,325.7
2026-08-30,177,The Trooper,US,309.2,1,4/6/2,41.7,11,315.8
2026-08-30,178,Jack*Of*Trades,US,308.1,-6.4,98/109/1,47.4,119,307.8
2026-08-30,179,TheRick616,CA,307.7,1,27/25/0,51.9,40,312.9
2026-08-30,180,Commish,US,305.9,-4.1,456/453/7,50.2,250,313.5
2026-08-30,181,Kloppo09,DE,305.2,1,34/39/0,46.6,59,341.5
2026-08-30,182,morias,GR,302.9,+11.8,25/32/0,43.9,49,313.3
2026-08-30,183,Plátano,PA,301.4,11,45/47/1,48.9,61,292.0
2026-08-30,184,Pizza70 wow,IT,301.0,+4.6,399/395/6,50.3,237,296.6
2026-08-30,185,Zevy,GE,299.5,1,111/85/4,56.5,114,262.2
2026-08-30,186,Tooney13!,CA,298.6,+1.0,123/119/3,50.8,118,287.9
2026-08-30,187,Flag Man,US,298.0,1,54/66/1,45.0,83,297.2
2026-08-30,188,Mantis,US,297.8,+7.0,264/241/6,52.3,185,310.8
2026-08-30,189,Rolex_Cowboy,US,297.3,+25.0,217/240/6,47.5,192,308.7
2026-08-30,190,RashCobra105,BT,295.2,-5.8,34/25/0,57.6,47,306.0
2026-08-30,191,Samos,ZZ,293.3,4,15/13/1,53.4,26,279.0
2026-08-30,192,player-mag,BE,291.3,6,34/23/0,59.6,46,183.9
2026-08-30,193,SolusVeritas,US,289.8,+5.1,27/17/0,61.4,34,227.8
2026-08-30,194,Prince of Thieves,NL,288.9,+7.1,52/39/2,57.0,67,225.3
2026-08-30,195,Empalador,ZZ,286.3,6,507/482/9,51.3,222,308.6
2026-08-30,196,Nyord,DK,284.5,-7.5,60/59/4,50.4,83,266.3
2026-08-30,197,Implabable,US,284.2,+15.8,57/40/0,58.8,71,275.8
2026-08-30,198,Sibelius,EE,283.7,8,30/26/2,53.4,42,246.1
2026-08-30,199,Sozo,US,278.7,1,64/59/0,52.0,68,277.4
2026-08-30,200,hammond,ZZ,277.6,+1.7,55/76/0,42.0,97,333.2
2026-08-30,201,Isi,GR,276.9,-44.8,137/159/0,46.3,152,311.3
2026-08-30,202,TheKing,BE,276.8,-13.0,10/8/0,55.6,16,244.7
2026-08-30,203,Dirk Drent,ZZ,274.7,4,185/198/1,48.3,147,263.8
2026-08-30,204,Suspicious99,DE,274.5,2,29/26/0,52.7,47,248.6
2026-08-30,205,JustBeFactual,ZZ,274.4,3,139/123/4,53.0,141,275.8
2026-08-30,206,Nikiforos Fokas,GR,273.9,+18.1,146/210/0,41.0,150,315.8
2026-08-30,207,Colinbbost,GR,272.5,-3.1,30/39/1,43.6,51,349.5
2026-08-30,208,Pepicio,ES,272.1,25,32/32/1,50.0,36,288.4
2026-08-30,209,federer,ES,269.7,-1.6,62/67/17,48.3,100,248.4
2026-08-30,210,floki,BE,267.4,+13.8,16/16/0,50.0,30,286.6
2026-08-30,211,Miss Aida,US,266.2,-27.0,206/166/4,55.3,179,193.6
2026-08-30,212,artav,US,265.4,-19.3,228/189/5,54.6,180,324.8
2026-08-30,213,Silverhammer,US,264.6,2,36/32/1,52.9,50,256.0
2026-08-30,214,aaron5000,US,264.6,15,8/7/0,53.3,15,260.2
2026-08-30,215,Yanis,GR,264.4,11,68/83/1,45.1,102,306.7
2026-08-30,216,johnny d,GR,263.9,-14.5,356/432/8,45.2,244,290.9
2026-08-30,217,Fairweigh,CX,262.5,+11.4,330/339/16,49.3,234,300.2
2026-08-30,218,Mercer,US,262.2,24,29/22/1,56.7,43,254.6
2026-08-30,219,FelixG,MX,262.0,+10.1,176/182/0,49.2,167,305.3
2026-08-30,220,GIANNIS P.,GR,261.6,22,19/38/1,33.6,41,361.3
2026-08-30,221,KAOS Agent,US,260.7,10,264/279/9,48.6,207,195.5
2026-08-30,222,DAG1105,CL,260.1,-3.3,332/318/6,51.1,216,307.1
2026-08-30,223,philchillas,GB,259.0,+6.4,194/197/0,49.6,182,302.6
2026-08-30,224,skl,ZZ,258.8,-23.4,280/213/7,56.7,214,268.3
2026-08-30,225,ConKord,GR,258.7,+6.0,354/390/10,47.6,239,253.8
2026-08-30,226,Hero,GR,256.2,+34.2,329/342/16,49.1,216,309.6
2026-08-30,227,Simply The Best,US,256.0,+2.9,74/66/3,52.8,98,248.5
2026-08-30,228,MagezuficA,PS,255.1,-47.7,151/244/1,38.3,162,322.2
2026-08-30,229,Enterprise,MH,254.9,+16.7,26/35/2,42.9,52,310.5
2026-08-30,230,Chillado,VA,254.8,1,204/269/3,43.2,204,254.7
2026-08-30,231,Homer,ES,251.0,-16.6,82/93/3,46.9,111,304.3
2026-08-30,232,Sicosi25,PA,251.0,+8.7,234/347/6,40.4,199,307.8
2026-08-30,233,Hannibaal Barca,LB,249.6,2,11/13/0,45.8,23,347.4
2026-08-30,234,Pepico,JP,248.2,-6.0,15/22/0,40.5,24,318.3
2026-08-30,235,rave55,IN,244.8,+1.6,675/696/28,49.2,324,289.9
2026-08-30,236,Lone ranger,ZZ,241.1,3,54/77/1,41.3,75,323.4
2026-08-30,237,1976Diamonds,GR,240.4,-0.1,305/347/7,46.8,186,324.8
2026-08-30,238,Mathias,BE,240.1,19,13/18/1,42.2,21,313.5
2026-08-30,239,schnobi,CH,238.8,+23.4,260/392/6,40.0,220,316.1
2026-08-30,240,CWJ,ZZ,238.1,+2.6,63/67/2,48.5,91,256.3
2026-08-30,241,hakster,ZZ,233.5,20,34/50/1,40.6,56,311.0
2026-08-30,242,anthoula,IS,233.5,13,14/17/0,45.2,29,273.7
2026-08-30,243,Serv1,GR,232.3,3,48/74/1,39.4,82,300.4
2026-08-30,244,Moneymaker,US,231.2,-9.2,85/97/0,46.7,112,248.8
2026-08-30,245,Muffinman,IT,230.4,-37.5,121/161/3,43.0,125,303.1
2026-08-30,246,Redeyes,GR,229.2,1,30/38/1,44.2,59,298.5
2026-08-30,247,ZOOGRAFOS,GR,227.3,+29.9,156/140/4,52.7,129,312.1
2026-08-30,248,Sober_Killer,US,226.3,14,89/97/2,47.9,112,300.1
2026-08-30,249,Malfun Maboun,DE,226.0,1,52/51/1,50.5,76,279.1
2026-08-30,250,Silverwing92,NL,225.7,1,19/20/0,48.7,34,266.4
2026-08-30,251,BokiLender,RS,225.2,+23.3,499/436/24,53.3,294,252.1
2026-08-30,252,MRP75,GB,223.6,+19.6,28/25/1,52.8,41,222.3
2026-08-30,253,Juan_McDavidson,ZZ,222.1,4,47/45/0,51.1,67,208.4
2026-08-30,254,alkisagg,CA,220.9,26,36/44/1,45.1,59,271.2
2026-08-30,255,Hades,US,220.5,-19.5,34/38/1,47.3,54,254.3
2026-08-30,256,Agrippa,US,219.7,2,27/40/1,40.4,46,275.4
2026-08-30,257,ActionDan,US,218.9,1,87/112/2,43.8,121,283.5
2026-08-30,258,Missouri,NL,217.5,7,53/77/1,40.8,89,300.6
2026-08-30,259,LittleGuy,ZZ,216.3,+25.3,520/643/14,44.8,269,273.1
2026-08-30,260,Cannon,UA,214.5,+8.3,246/508/9,32.8,252,312.4
2026-08-30,261,TheSweetieMan,US,211.6,4,35/49/3,42.0,69,251.8
2026-08-30,262,BirdGang,US,210.5,1,17/18/0,48.6,31,263.5
2026-08-30,263,dalee,GR,210.4,+9.1,18/33/0,35.3,44,303.9
2026-08-30,264,ironman,BE,208.5,2,6/7/0,46.2,11,266.5
2026-08-30,265,Franz K.,DE,207.7,1,37/56/5,40.3,67,275.3
2026-08-30,266,theoneandonly,ZZ,207.3,-16.2,116/112/4,50.9,113,232.9
2026-08-30,267,dyrson,BR,203.8,-5.0,264/358/6,42.5,231,280.0
2026-08-30,268,Rexxxer,NL,203.0,+3.5,130/202/0,39.2,145,269.8
2026-08-30,269,SNIK,GR,201.2,-6.7,8/13/0,38.1,17,313.5
2026-08-30,270,MintFlavouredMarshal,DE,200.9,-29.5,19/19/1,50.0,34,267.1
2026-08-30,271,Mata Hari,GR,200.3,1,21/30/1,41.3,47,275.8
2026-08-30,272,Branko Jevremov,RS,200.0,-15.8,65/112/2,36.9,113,276.2
2026-08-30,273,Gambit777,US,196.4,-3.2,107/156/1,40.7,134,295.8
2026-08-30,274,RasmusVJ,DK,196.1,1,119/196/6,38.0,149,155.5
2026-08-30,275,duku77,NL,195.5,-3.6,129/162/5,44.4,135,269.6
2026-08-30,276,Al Hakeem,FR,195.2,-8.3,121/151/0,44.5,143,247.4
2026-08-30,277,goopy16204,US,195.1,5,26/40/2,39.7,49,287.7
2026-08-30,278,Dunk90,US,194.8,1,225/260/2,46.4,164,272.1
2026-08-30,279,400tui,CA,193.6,1,133/315/3,29.8,188,322.8
2026-08-30,280,mgz1408,AT,193.0,1,181/265/5,40.7,152,257.0
2026-08-30,281,Forestman,NL,191.5,-10.8,47/38/1,55.2,64,159.6
2026-08-30,282,balou,BE,191.4,-12.1,69/76/1,47.6,87,251.2
2026-08-30,283,HARALD,BE,189.9,-4.1,244/383/6,39.0,232,263.7
2026-08-30,284,Tamarindo,US,188.7,2,270/431/27,38.9,237,308.0
2026-08-30,285,HATETHEWORLD,BE,188.1,13,115/198/4,36.9,175,253.2
2026-08-30,286,Francisco,ES,187.0,3,27/37/3,42.5,55,266.9
2026-08-30,287,Smiley,NL,186.0,1,21/26/0,44.7,47,228.1
2026-08-30,288,Aimathros,GR,184.4,-1.7,64/77/7,45.6,99,238.2
2026-08-30,289,funambulista_ka,ZZ,184.1,+36.4,118/231/5,34.0,159,300.0
2026-08-30,290,Blue Tom,AT,183.8,-31.8,58/83/1,41.2,93,272.9
2026-08-30,291,Lucky Hands,NL,182.7,+0.7,34/42/0,44.7,60,252.4
2026-08-30,292,Miss Elida,US,181.1,-13.2,342/346/2,49.7,265,196.5
2026-08-30,293,Ready Player One,US,180.8,+1.6,153/270/0,36.2,178,248.6
2026-08-30,294,Kannemand,DK,180.6,6,4/8/0,33.3,10,284.8
2026-08-30,295,queensbury,US,179.6,-9.9,94/125/4,43.0,128,258.2
2026-08-30,296,Player4992-eri,ZZ,179.1,8,24/28/0,46.2,39,183.8
2026-08-30,297,Daverave,ZZ,177.6,13,40/61/2,39.8,71,285.0
2026-08-30,298,WIAmDream,EG,177.3,10,36/60/0,37.5,66,270.9
2026-08-30,299,Marquise DSD,GR,177.1,-4.4,252/418/8,37.8,260,263.8
2026-08-30,300,General Rascal,US,176.9,1,32/27/0,54.2,51,169.8
2026-08-30,301,Zman,US,176.1,-6.1,32/55/2,37.1,66,292.0
2026-08-30,302,xap,AU,175.5,2,13/13/0,50.0,21,126.0
2026-08-30,303,fred77,IR,174.4,+0.4,255/412/4,38.3,251,284.0
2026-08-30,304,RLo,ZZ,173.7,1,30/10/0,75.0,30,74.6
2026-08-30,305,SHARK,ZZ,173.6,2,72/159/2,31.3,124,312.6
2026-08-30,306,Crazydoctor,GR,173.2,13,29/36/0,44.6,55,249.4
2026-08-30,307,FalseAlarm,AU,172.2,-29.8,51/75/3,40.7,85,300.9
2026-08-30,308,dings,NL,171.1,+12.2,156/275/2,36.3,172,259.4
2026-08-30,309,Joker,LU,168.8,-4.4,711/898/39,44.3,353,245.3
2026-08-30,310,FBI,AU,165.5,1,142/197/1,41.9,140,279.5
2026-08-30,311,Kandoruus,ZZ,163.8,+11.2,39/76/3,34.3,87,251.9
2026-08-30,312,Snoi,ZZ,157.7,1,145/270/6,35.2,187,252.4
2026-08-30,313,Bibbs22,DE,157.6,7,83/144/0,36.6,113,247.4
2026-08-30,314,nickoriginal,GR,157.6,-7.9,86/144/4,37.6,130,293.0
2026-08-30,315,agatharhidis,GR,156.7,-1.0,98/194/0,33.6,152,309.7
2026-08-30,316,Chrigel,CH,155.3,1,44/35/0,55.7,59,123.0
2026-08-30,317,RickyBobby,ZZ,154.3,-19.2,52/77/1,40.4,98,228.8
2026-08-30,318,hnaught,CH,153.8,1,47/80/1,37.1,86,291.7
2026-08-30,319,json,US,152.1,9,29/47/0,38.2,57,238.1
2026-08-30,320,fazi,AT,150.6,1,29/54/2,35.3,60,279.5
2026-08-30,321,Clown,WF,150.5,-10.1,111/220/3,33.7,178,275.4
2026-08-30,322,alextrip,GR,149.6,4,90/151/3,37.5,133,310.1
2026-08-30,323,Rayvitoles,GR,149.5,29,29/55/2,34.9,57,249.3
2026-08-30,324,RadicalLibre,DO,147.4,-7.4,37/48/0,43.5,56,178.5
2026-08-30,325,Generalinfo,US,146.8,1,61/127/1,32.5,109,294.7
2026-08-30,326,trintingnant,AG,143.8,+14.5,52/144/1,26.6,123,269.8
2026-08-30,327,Edinisback,BA,143.4,+11.2,7/16/0,30.4,19,331.8
2026-08-30,328,teacup,ZZ,139.3,12,128/201/1,38.9,141,258.1
2026-08-30,329,vicksburg,US,138.2,8,13/15/0,46.4,26,192.2
2026-08-30,330,schive24,US,136.1,2,53/93/1,36.4,84,262.2
2026-08-30,331,Players,ZZ,134.5,-20.2,157/246/0,39.0,185,247.6
2026-08-30,332,guib543,BE,129.7,2,30/44/1,40.7,60,241.5
2026-08-30,333,ZKNark,AX,122.0,-11.2,47/41/0,53.4,62,129.1
2026-08-30,334,Yas,FR,121.3,+16.2,14/31/0,31.1,34,256.6
2026-08-30,335,ChefGRD,US,121.0,-63.0,130/183/1,41.6,138,232.2
2026-08-30,336,That’s Marvelous,ZZ,119.5,-9.1,78/124/3,38.8,125,248.0
2026-08-30,337,Vodrake,GB,118.8,3,15/21/0,41.7,27,225.4
2026-08-30,338,Colonel Trautman,ES,117.2,1,95/126/3,43.1,123,204.4
2026-08-30,339,Tyto Alba,IT,117.0,+10.3,299/546/4,35.5,230,303.7
2026-08-30,340,Loumand,DK,116.7,-11.3,55/95/1,36.8,98,292.9
2026-08-30,341,Zaz,ZZ,115.8,+13.6,6/14/1,31.0,18,279.3
2026-08-30,342,Sunnymaster,ZZ,114.9,18,8/15/0,34.8,19,284.4
2026-08-30,343,Gecko,CA,112.5,25,6/21/0,22.2,24,295.7
2026-08-30,344,CNY,US,112.2,-6.8,66/113/4,37.2,108,204.2
2026-08-30,345,Number1Grizzly,US,112.0,13,14/28/0,33.3,38,253.0
2026-08-30,346,Mello,IT,109.9,-1.5,187/382/0,32.9,219,272.7
2026-08-30,347,inzy,AU,108.9,8,82/109/3,43.0,103,145.7
2026-08-30,348,commander bob,US,106.6,+18.3,32/44/0,42.1,55,192.6
2026-08-30,349,StrategoFreund,DE,106.4,7,114/323/1,26.1,205,262.1
2026-08-30,350,Scottf12345,US,105.0,1,44/93/0,32.1,97,271.3
2026-08-30,351,Cut Killah,FJ,103.5,7,21/58/0,26.6,55,319.3
2026-08-30,352,General Thompson,US,102.9,+21.4,126/217/1,36.8,171,246.8
2026-08-30,353,Butcherjack,DK,100.8,1,26/47/1,35.8,60,235.0
2026-08-30,354,Backyard Game,CA,98.1,13,16/30/0,34.8,37,241.7
2026-08-30,355,BasilTheBatlord,ZZ,96.8,15,13/23/0,36.1,25,221.3
2026-08-30,356,MISA,ZZ,94.3,+13.1,33/64/0,34.0,74,241.8
2026-08-30,357,davids,ZZ,92.4,7,6/15/1,29.5,20,245.7
2026-08-30,358,WaltLemonJr,US,91.1,-20.6,59/98/1,37.7,103,246.9
2026-08-30,359,Shivaanoz,BE,90.4,1,112/232/1,32.6,170,269.8
2026-08-30,360,SnazzyT,US,89.0,+64.0,22/50/2,31.1,48,207.7
2026-08-30,361,Bodo,DE,80.5,23,7/17/0,29.2,18,215.1
2026-08-30,362,iwikilu,US,79.5,-9.8,26/93/1,22.1,93,221.3
2026-08-30,363,edges,CH,76.3,3,10/17/1,37.5,26,177.1
2026-08-30,364,Popolaretti,ZZ,76.1,2,11/24/0,31.4,30,200.8
2026-08-30,365,Dark Lord,US,74.2,-24.0,102/252/4,29.1,136,271.1
2026-08-30,366,TheArtfulDodger,CA,73.6,-6.8,27/33/0,45.0,34,134.6
2026-08-30,367,Knightmare Dungeoneers,GB,71.6,-4.7,159/176/5,47.5,150,105.0
2026-08-30,368,PsychicPi,US,70.4,22,9/12/0,42.9,18,101.6
2026-08-30,369,Beammeup,US,69.0,+13.8,21/24/1,46.7,28,105.3
2026-08-30,370,narobber,BE,64.1,+17.7,12/22/0,35.3,28,232.7
2026-08-30,371,Rantanplan,ZZ,63.5,2,8/20/0,28.6,24,219.9
2026-08-30,372,Kaibs,CA,63.2,6,15/30/0,33.3,38,198.7
2026-08-30,373,jagger314,BR,61.5,+10.9,52/138/0,27.4,103,222.7
2026-08-30,374,TanKHuntER,US,55.5,-0.5,9/20/0,31.0,28,206.7
2026-08-30,375,Funkybunch,ZZ,54.8,12,255/443/3,36.6,290,221.7
2026-08-30,376,evdog104,PS,54.6,1,39/67/1,36.9,70,202.2
2026-08-30,377,widersach,DE,47.9,7,32/49/1,39.6,50,129.5
2026-08-30,378,Vasily Tukhachevsky,RU,46.3,26,5/20/1,21.2,21,308.2
2026-08-30,379,Knoway,ZZ,44.8,16,12/29/0,29.3,28,211.0
2026-08-30,380,ECfnW,NL,44.5,-3.8,39/98/1,28.6,68,110.8
2026-08-30,381,ACWilhelm,US,41.8,1,15/43/1,26.3,44,253.7
2026-08-30,382,lirussy,ZZ,41.2,12,8/19/0,29.6,23,172.6
2026-08-30,383,Spoon,US,41.0,15,12/33/0,26.7,32,196.9
2026-08-30,384,Snaketaco,US,39.8,4,17/51/0,25.0,50,185.4
2026-08-30,385,JeromeV,ZZ,38.5,1,12/22/1,35.7,29,164.4
2026-08-30,386,Darquise,DE,35.7,1,7/30/0,18.9,33,286.6
2026-08-30,387,Arwad,ZZ,35.1,-33.3,2/24/1,9.3,24,253.4
2026-08-30,388,Mervyn10,PY,33.4,19,13/86/0,13.1,58,188.3
2026-08-30,389,Winx,ZZ,33.1,5,25/80/0,23.8,66,307.4
2026-08-30,390,Longshanks,ZZ,32.9,4,6/16/0,27.3,18,240.4
2026-08-30,391,honda08,GR,30.5,1,8/28/1,23.0,30,234.0
2026-08-30,392,killersuv,ZZ,25.6,5,4/17/0,19.0,18,152.2
2026-08-30,393,TWFanClub,US,25.5,21,13/69/0,15.9,58,303.3
2026-08-30,394,Rev MD,US,25.3,5,2/10/0,16.7,12,205.4
2026-08-30,395,PuffyChickenlegs,US,24.7,19,11/47/0,19.0,40,202.7
2026-08-30,396,TheFatFox,US,24.5,2,8/21/0,27.6,24,212.5
2026-08-30,397,Jesse22,NL,24.0,7,5/33/0,13.2,35,212.5
2026-08-30,398,Bram,BE,23.2,2,55/240/1,18.8,133,336.0
2026-08-30,399,FischC,US,22.0,3,26/95/0,21.5,74,258.8
2026-08-30,400,Coulomb,ZZ,18.7,+4.9,12/40/1,23.6,43,222.5
2026-08-30,401,SpaceCowboy,US,16.4,+15.4,9/22/1,29.7,31,154.1
2026-08-30,402,Llamma,US,16.0,1,2/21/0,8.7,22,196.9
2026-08-30,403,Hieratic,RS,15.8,7,18/60/0,23.1,58,265.4
2026-08-30,404,Karatekapro15,ES,15.5,-17.7,9/24/0,27.3,27,179.0
2026-08-30,405,breizh,FR,12.4,8,6/32/1,16.7,35,264.4
2026-08-30,406,new,US,12.0,1,5/17/0,22.7,18,132.3
2026-08-30,407,Davmholms,US,11.0,-1.8,88/246/3,26.6,154,244.5
2026-08-30,408,DrEgg777,US,10.9,6,6/24/0,20.0,22,200.4
2026-08-30,409,Wolfler,US,10.8,13,3/16/0,15.8,17,312.7
2026-08-30,410,Speedbags,US,10.0,+10.0,5/31/0,13.9,27,186.6
2026-08-30,411,Brutus,CH,8.8,28,4/36/0,10.0,30,278.1
2026-08-30,412,Heinrich Khunrath,BQ,8.7,16,6/21/0,22.2,23,194.4
2026-08-30,413,Boule,DE,8.4,11,9/28/0,24.3,26,203.1
2026-08-30,414,KuahAyam,ZZ,5.6,+5.6,4/24/0,14.3,25,212.9
2026-08-30,415,Princess,US,4.5,2,8/32/0,20.0,38,252.6
2026-08-30,416,kds4783,US,2.6,-5.9,59/169/0,25.9,138,164.4
2026-08-30,417,ComplyOrDie,GB,1.7,13,4/40/0,9.1,28,228.0
2026-08-30,418,anti mantice,GB,1.5,15,4/21/0,16.0,23,232.3
2026-08-30,419,Epitaph,ZZ,0.1,6,8/17/0,32.0,20,127.5
2026-08-31,1,Winner,US,804.6,+6.7,112/34/2,76.4,46,578.4
2026-08-31,2,Mirage,AU,772.3,+39.9,340/158/7,68.0,129,527.5
2026-08-31,3,kamikaze,GB-SCT,740.6,+15.2,235/60/3,79.4,97,458.6
2026-08-31,4,Nemesis,US,734.5,+7.4,255/118/10,67.9,107,539.1
2026-08-31,5,embracingracialunity.org,US,691.6,+7.4,195/20/0,90.7,127,229.4
2026-08-31,6,BFG,NL,673.8,1,34/11/1,75.0,36,454.1
2026-08-31,7,Hielco,NL,667.7,3,11/12/2,48.0,15,620.8
2026-08-31,8,Eagle06,CH,659.9,-18.2,122/26/8,80.8,90,405.6
2026-08-31,9,Diddy,ZZ,654.0,-9.0,291/130/7,68.8,108,477.4
2026-08-31,10,Fairway,US,648.4,3,89/34/5,71.5,68,417.2
2026-08-31,11,Maelstrom,CA,646.2,-38.6,523/219/13,70.1,129,538.7
2026-08-31,12,eb124,BE,612.3,4,7/4/1,62.5,11,500.6
2026-08-31,13,Lottorush,US,609.6,+25.2,346/174/11,66.2,143,432.4
2026-08-31,14,tonylaw44,GR,609.6,+7.0,783/295/12,72.4,267,350.2
2026-08-31,15,garlick,FR,607.7,+23.1,247/214/14,53.5,124,470.4
2026-08-31,16,Kanonenkeks,DE,606.0,-13.9,329/173/2,65.5,147,444.2
2026-08-31,17,DIVERGENT,AU,605.9,1,67/47/2,58.6,64,489.9
2026-08-31,18,PokerFace,ZA,605.7,+11.0,241/92/7,71.9,141,383.9
2026-08-31,19,Garulfo,NL,601.8,+11.9,44/31/2,58.4,45,508.3
2026-08-31,20,Henry domerkant,GR,595.4,-26.9,546/299/22,64.2,183,479.2
2026-08-31,21,Karolus,PL,589.4,-8.9,38/31/0,55.1,43,557.3
2026-08-31,22,zach21,US,586.7,+50.6,117/96/7,54.8,69,525.0
2026-08-31,23,SIR_Bal,GR,582.7,21,6/5/0,54.5,10,476.8
2026-08-31,24,OVERLORD,GR,571.8,5,216/77/4,73.4,108,478.3
2026-08-31,25,411 Discipline,US,571.3,8,82/30/2,72.8,67,382.5
2026-08-31,26,gpet0,GR,569.4,+2.8,788/436/20,64.1,242,386.1
2026-08-31,27,Bad Milo,NL,567.9,+7.1,27/22/1,55.0,31,550.5
2026-08-31,28,sweet52,ZZ,567.4,3,43/6/0,87.8,34,366.4
2026-08-31,29,kartoffelfresser,ZZ,566.4,11,73/89/3,45.2,72,523.8
2026-08-31,30,Nightwolf,NR,565.5,+4.5,225/40/4,84.4,169,227.7
2026-08-31,31,Frosty :),US,561.5,-35.4,145/165/2,46.8,53,612.7
2026-08-31,32,gkaros,GR,560.4,4,27/19/0,58.7,32,493.9
2026-08-31,33,Sekertzis1973,GR,559.8,+13.5,477/203/17,69.7,167,432.1
2026-08-31,34,recar,US,553.7,+5.4,75/21/7,76.2,45,301.3
2026-08-31,35,Don Mitsos,GR,533.3,+40.0,458/237/13,65.6,187,384.1
2026-08-31,36,Napoleon 1er,CH,528.7,+7.6,78/44/4,63.5,63,446.3
2026-08-31,37,Display,ZZ,522.8,-26.5,67/43/3,60.6,67,448.0
2026-08-31,38,PHAETHON,GR,522.7,-11.2,198/140/11,58.3,138,409.7
2026-08-31,39,Marmal,NL,518.2,+55.6,422/306/10,57.9,220,373.2
2026-08-31,40,Spartacus,NL,516.7,8,267/164/9,61.7,159,368.4
2026-08-31,41,Jack,ZZ,511.3,-6.4,136/111/6,54.9,96,457.9
2026-08-31,42,mirmidonas,GR,510.4,-1.9,80/21/1,78.9,63,242.7
2026-08-31,43,JIREN,PE,504.9,+28.0,171/154/12,52.5,109,494.8
2026-08-31,44,warlock,US,498.8,-17.7,201/119/8,62.5,119,419.2
2026-08-31,45,Ollie,CA,497.0,-31.7,433/221/20,65.7,222,340.2
2026-08-31,46,Skyfall,BE,496.0,1,201/106/5,65.2,133,424.2
2026-08-31,47,Duncan,NL,494.0,16,32/30/1,51.6,42,496.2
2026-08-31,48,Tomba,BE,493.3,2,34/8/0,81.0,33,233.9
2026-08-31,49,Samuel,GB,493.2,+45.6,428/306/17,58.1,185,419.1
2026-08-31,50,Unseen Hero,GR,492.2,+15.3,575/300/9,65.6,245,361.3
2026-08-31,51,Andreas94,GR,488.7,1,248/220/4,53.0,154,401.4
2026-08-31,52,guibui,DE,484.3,+15.3,523/153/7,77.1,248,273.6
2026-08-31,53,LAHSRAM,CN,482.7,-6.4,115/97/0,54.2,60,519.8
2026-08-31,54,Morx,NL,480.7,9,39/19/4,66.1,42,396.1
2026-08-31,55,Ides_Of_March_NC,US,479.7,+45.7,187/67/17,72.1,135,273.5
2026-08-31,56,crusader,GR,479.4,+5.1,247/159/6,60.7,167,344.2
2026-08-31,57,Pinnacle,ZZ,477.3,6,41/10/3,78.7,46,307.9
2026-08-31,58,Pericoperez,ES,472.8,21,77/55/1,58.3,70,351.1
2026-08-31,59,Barbarians,GI,469.9,-24.5,209/127/6,62.0,152,351.2
2026-08-31,60,Donnafugata,IT,469.2,3,227/46/2,82.9,165,194.6
2026-08-31,61,Noobmeister,GR,467.7,-10.3,7/5/0,58.3,10,440.5
2026-08-31,62,skaven,NO,467.3,+28.2,73/54/5,57.2,91,384.4
2026-08-31,63,Stelios,GR,467.1,1,126/58/0,68.5,98,393.7
2026-08-31,64,Karma,AU,466.2,+20.8,102/124/1,45.2,89,525.0
2026-08-31,65,roeczak,GR,465.0,-3.7,38/43/1,47.0,48,479.1
2026-08-31,66,Jerry,US,463.4,11,15/7/2,66.7,22,328.3
2026-08-31,67,Panter,CZ,461.1,2,215/110/5,65.9,136,362.2
2026-08-31,68,Vindicta,US,458.3,23,225/133/5,62.7,114,430.3
2026-08-31,69,Grizzlybear,DE,457.8,+11.9,57/36/6,60.6,70,375.7
2026-08-31,70,FGP_,GR,457.1,4,104/46/4,68.8,99,300.6
2026-08-31,71,Odo,NL,451.5,2,148/87/4,62.8,131,340.3
2026-08-31,72,Knightsnake,US,450.0,3,162/46/3,77.5,97,188.4
2026-08-31,73,Barri,ES,446.6,1,43/26/1,62.1,51,369.3
2026-08-31,74,Rich piana,GR,446.1,1,107/90/2,54.3,118,349.8
2026-08-31,75,Atraf,IL,442.2,+8.6,249/141/5,63.7,143,370.5
2026-08-31,76,Guest Mystery,NL,441.0,-1.6,45/28/3,61.2,55,338.1
2026-08-31,77,Tasos.kaps,GR,437.7,3,161/96/2,62.5,138,346.8
2026-08-31,78,Wnehme,LB,437.3,+20.0,257/151/6,62.8,163,343.2
2026-08-31,79,Yo mamas,BA,436.2,-33.2,869/785/5,52.5,256,333.2
2026-08-31,80,TheBlackDress,US,434.3,+10.9,138/71/1,66.0,113,325.0
2026-08-31,81,SETTLER,TZ,433.9,-19.3,452/346/8,56.6,152,392.5
2026-08-31,82,HazMate14,AU,433.6,+10.6,89/49/6,63.9,96,306.1
2026-08-31,83,TourniKID,DE,433.5,20,43/28/2,60.3,63,360.0
2026-08-31,84,Kostass2506,GR,431.3,-77.3,559/459/29,54.8,213,407.3
2026-08-31,85,XXXStrategy,CA,431.2,-8.3,61/24/3,71.0,59,314.1
2026-08-31,86,ICANMAKEUFAMOUS,BF,429.8,-8.8,90/69/3,56.5,95,340.4
2026-08-31,87,Nick Dusk,ZZ,427.9,+3.4,224/148/8,60.0,158,332.7
2026-08-31,88,ruined_creature,MX,426.8,+2.8,779/573/19,57.5,262,350.8
2026-08-31,89,Who Cares?,DE,426.8,-34.2,620/541/16,53.4,228,403.2
2026-08-31,90,AmazingGeorges,CA,425.8,-19.2,104/96/4,52.0,113,371.2
2026-08-31,91,The Seventh Seal,US,424.4,+2.9,112/71/1,61.1,108,342.4
2026-08-31,92,marcheese,CA,418.8,+17.0,114/83/10,57.5,106,380.9
2026-08-31,93,KingTubby,JM,417.4,+31.4,335/165/9,66.7,188,368.3
2026-08-31,94,Späher,DE,413.6,7,55/40/3,57.7,71,330.7
2026-08-31,95,banana_hammock,US,412.5,2,526/232/22,68.8,240,321.8
2026-08-31,96,Roland,GB,412.0,+0.4,174/163/1,51.6,123,325.3
2026-08-31,97,Rambo,AU,408.7,-49.2,247/160/5,60.6,164,336.7
2026-08-31,98,Jovo,IT,407.9,14,34/18/1,65.1,44,286.7
2026-08-31,99,NavyJoe,US,403.7,+15.4,93/58/0,61.6,103,323.1
2026-08-31,100,Leppie,BE,400.7,16,21/16/2,56.4,33,350.0
2026-08-31,101,Chaidari,GR,397.9,-15.7,375/294/3,56.0,218,292.3
2026-08-31,102,BurningGoldfish,ZZ,397.8,3,8/5/1,60.7,14,372.3
2026-08-31,103,Nyxtas,GR,396.5,+8.9,24/25/2,49.0,39,379.9
2026-08-31,104,green panther,AT,396.2,9,62/51/0,54.9,71,365.9
2026-08-31,105,Mr PEP,GP,395.9,24,157/124/2,55.8,140,283.6
2026-08-31,106,player-anw,US,395.1,5,65/38/2,62.9,79,302.8
2026-08-31,107,skeptikistis,GR,394.3,2,18/11/3,60.9,27,349.7
2026-08-31,108,BATTLECRY,AU,390.6,1,81/96/0,45.8,95,410.8
2026-08-31,109,TemplateRex,NL,390.0,4,35/25/0,58.3,46,273.3
2026-08-31,110,CORNERFLAGLEFT,ZZ,389.1,-16.5,187/145/4,56.3,150,338.0
2026-08-31,111,WTF,GR,388.3,+10.8,145/103/1,58.4,129,333.9
2026-08-31,112,Liogreen,AT,387.6,+18.0,183/195/5,48.4,165,473.2
2026-08-31,113,Vexplop,ZZ,384.3,-54.9,515/500/4,50.7,224,397.0
2026-08-31,114,Lord Vader,US,383.1,+19.9,210/150/0,58.3,148,315.4
2026-08-31,115,Kuni,US,382.3,10,13/4/1,75.0,15,342.6
2026-08-31,116,an_album_cover,NZ,380.4,1,134/82/0,62.0,139,301.2
2026-08-31,117,KarnaVNP,SR,380.0,1,15/9/3,61.1,24,333.6
2026-08-31,118,Biber1,DE,375.4,8,20/10/1,66.1,28,292.6
2026-08-31,119,MacyTheBlackCAT,US,373.8,-0.6,392/391/18,50.1,226,351.6
2026-08-31,120,Thanathos,IT,373.3,1,446/373/10,54.4,237,301.5
2026-08-31,121,milad,SE,368.1,1,451/486/22,48.2,206,429.5
2026-08-31,122,DontCryWhenILottoU,US,368.1,1,638/668/4,48.9,290,305.1
2026-08-31,123,Meoww,NL,365.5,+19.2,90/74/6,54.7,108,356.5
2026-08-31,124,Pieter,NL,363.1,+3.4,142/105/4,57.4,126,353.8
2026-08-31,125,Katama,NL,363.0,+7.2,37/38/0,49.3,58,368.3
2026-08-31,126,knickles,US,360.9,-7.0,76/30/1,71.5,66,195.7
2026-08-31,127,Roger Oncemore II,DE,359.0,-12.6,131/112/9,53.8,144,308.1
2026-08-31,128,Timmy,GB,358.7,+7.3,303/268/16,53.0,214,325.3
2026-08-31,129,VAGABOND JOE,NO,357.5,+4.6,88/79/6,52.6,116,303.7
2026-08-31,130,SmokingGun,SY,356.4,+42.5,228/241/5,48.6,181,309.1
2026-08-31,131,dindo,MT,355.9,-0.2,497/431/13,53.5,280,284.4
2026-08-31,132,OZZZY,CA,355.4,3,54/48/2,52.9,78,314.9
2026-08-31,133,Ghostzapper,US,353.6,2,107/51/2,67.5,106,271.1
2026-08-31,134,Venom,US,350.8,1,156/164/2,48.8,128,323.1
2026-08-31,135,joeli,DE,350.5,+20.8,64/55/0,53.8,73,334.9
2026-08-31,136,IKnowThingsGood,US,349.3,+9.2,106/77/3,57.8,113,286.9
2026-08-31,137,Martisio,ES,348.8,1,90/68/4,56.8,110,295.2
2026-08-31,138,Tomjonas,VA,347.6,+10.3,275/276/10,49.9,195,303.5
2026-08-31,139,molswi,CA,343.7,1,119/110/6,51.9,140,287.1
2026-08-31,140,Strategos,NL,343.6,1,228/193/6,54.1,172,288.5
2026-08-31,141,MigmaShelter,JP,342.3,5,13/13/0,50.0,22,343.2
2026-08-31,142,Tilor,US,339.3,2,78/66/5,54.0,101,314.5
2026-08-31,143,theos,GR,336.5,5,17/14/1,54.7,27,289.1
2026-08-31,144,Daniel G,US,336.2,-8.3,417/451/5,48.1,242,302.2
2026-08-31,145,Jossy,DE,334.7,2,89/86/7,50.8,87,308.7
2026-08-31,146,BaronNr1,NL,333.9,6,8/12/0,40.0,18,271.5
2026-08-31,147,Alexander007,DE,332.7,1,19/21/0,47.5,35,332.2
2026-08-31,148,Blackstar,DE,332.1,5,19/9/0,67.9,24,213.1
2026-08-31,149,Battle Tested,US,330.9,2,24/18/0,57.1,36,238.6
2026-08-31,150,fungio,ZZ,330.7,-14.3,243/216/8,52.9,181,307.0
2026-08-31,151,mindfocus,BE,330.5,-1.9,17/6/1,72.9,19,261.4
2026-08-31,152,Kranevitter,NL,329.7,2,141/109/3,56.3,130,302.3
2026-08-31,153,Cutie,CX,329.5,1,101/84/1,54.6,109,282.0
2026-08-31,154,Jack*Of*Trades,US,329.2,+21.1,100/108/1,48.1,119,306.4
2026-08-31,155,Marschall82,DE,329.0,+8.4,120/112/3,51.7,111,293.4
2026-08-31,156,Pizza70 wow,IT,328.4,+27.4,401/392/6,50.6,237,296.6
2026-08-31,157,Guventus,GB,328.1,3,260/246/5,51.4,173,324.9
2026-08-31,158,bobstack,US,323.6,-22.4,44/33/0,57.1,60,263.4
2026-08-31,159,Mantis,US,323.4,+25.5,262/239/6,52.3,184,312.5
2026-08-31,160,BIGBOOM,US,322.6,2,47/53/2,47.1,73,330.5
2026-08-31,161,Mamadou,AO,320.9,1,51/26/1,66.0,65,234.2
2026-08-31,162,def,ZZ,320.7,1,9/6/0,60.0,12,168.1
2026-08-31,163,LSR70,BE,320.3,-10.6,441/392/34,52.8,235,320.6
2026-08-31,164,(mind_is_blown),CA,320.2,-6.2,183/202/4,47.6,164,319.8
2026-08-31,165,Lawww,US,318.8,9,98/86/6,53.2,121,261.3
2026-08-31,166,Just4fun,ZW,317.7,18,31/21/3,59.1,45,239.3
2026-08-31,167,Petra,US,317.0,13,241/173/0,58.2,167,332.9
2026-08-31,168,WICKED LESTER,US,316.8,6,76/52/1,59.3,66,248.4
2026-08-31,169,Nickie,BE,316.6,+11.3,9/2/0,81.8,11,152.0
2026-08-31,170,The CAP,US,316.4,+3.1,176/205/5,46.2,185,303.5
2026-08-31,171,GORLAMI,ZZ,316.1,-32.9,266/252/31,51.3,174,340.2
2026-08-31,172,cycy17,BE,315.8,+6.1,110/158/1,41.1,156,290.9
2026-08-31,173,morias,GR,315.6,+12.7,27/32/0,45.8,51,308.6
2026-08-31,174,Commish,US,314.2,+8.2,454/452/6,50.1,254,312.7
2026-08-31,175,Pretzel Logic,BS,312.6,-11.7,381/412/6,48.1,234,301.0
2026-08-31,176,Noscope420,US,310.9,8,61/53/3,53.4,76,290.0
2026-08-31,177,The Trooper,US,309.2,2,4/6/2,41.7,11,315.8
2026-08-31,178,TheRick616,CA,307.7,2,27/25/0,51.9,40,312.9
2026-08-31,179,Kloppo09,DE,305.2,2,34/39/0,46.6,59,341.5
2026-08-31,180,Plátano,PA,301.4,12,45/47/1,48.9,61,292.0
2026-08-31,181,Zevy,GE,299.5,2,105/82/4,56.0,111,262.9
2026-08-31,182,Sirius,GR,299.2,-48.8,152/127/4,54.4,121,285.7
2026-08-31,183,Unflagged,ZZ,298.6,-11.0,42/46/5,47.8,61,325.2
2026-08-31,184,Flag Man,US,298.0,2,46/56/1,45.1,75,294.8
2026-08-31,185,SolusVeritas,US,294.2,+4.4,27/17/0,61.4,34,225.9
2026-08-31,186,Eise the Great,NL,293.4,-21.1,54/49/3,52.4,67,297.3
2026-08-31,187,Samos,ZZ,293.3,5,15/13/1,53.4,26,279.0
2026-08-31,188,player-mag,BE,291.3,7,34/23/0,59.6,46,183.9
2026-08-31,189,Isi,GR,290.9,+13.9,139/160/0,46.5,151,310.0
2026-08-31,190,Prince of Thieves,NL,290.8,+1.9,53/40/2,56.8,68,227.3
2026-08-31,191,RashCobra105,BT,289.1,-6.1,35/26/0,57.4,48,301.8
2026-08-31,192,Tooney13!,CA,287.4,-11.2,117/122/3,49.0,117,289.3
2026-08-31,193,Nyord,DK,286.9,+2.4,60/58/4,50.8,82,266.9
2026-08-31,194,Rolex_Cowboy,US,285.1,-12.2,211/237/6,47.1,189,308.3
2026-08-31,195,Goldeneyes,HU,284.6,-42.8,319/304/19,51.2,239,300.6
2026-08-31,196,Muffinman,IT,284.6,+54.2,135/176/4,43.5,133,307.2
2026-08-31,197,Sibelius,EE,283.7,9,30/26/2,53.4,42,246.1
2026-08-31,198,Empalador,ZZ,283.5,-2.7,506/483/9,51.2,222,308.2
2026-08-31,199,Cannon,UA,280.2,+65.6,260/518/9,33.6,256,311.7
2026-08-31,200,MagezuficA,PS,279.6,+24.5,151/237/1,38.9,162,324.3
2026-08-31,201,Chainsaw Man,IE,279.3,-53.0,924/841/21,52.3,303,286.9
2026-08-31,202,Colinbbost,GR,279.3,+6.7,31/38/1,45.0,51,342.5
2026-08-31,203,(umdisclosed),ZZ,278.0,+1.5,6/5/0,54.5,11,221.5
2026-08-31,204,philchillas,GB,277.8,+18.8,193/184/0,51.2,178,302.2
2026-08-31,205,hammond,ZZ,277.6,1,55/76/0,42.0,97,333.2
2026-08-31,206,Dirk Drent,ZZ,276.9,+2.2,184/198/1,48.2,147,264.1
2026-08-31,207,TheKing,BE,276.8,1,10/8/0,55.6,16,244.7
2026-08-31,208,FelixG,MX,276.6,+14.6,178/180/0,49.7,168,305.3
2026-08-31,209,JustBeFactual,ZZ,274.4,4,139/123/4,53.0,141,275.8
2026-08-31,210,Homer,ES,273.6,+22.7,85/95/3,47.3,112,308.2
2026-08-31,211,Pepicio,ES,272.1,26,31/32/1,49.2,35,288.2
2026-08-31,212,Pintel,US,270.4,-50.3,98/74/3,56.9,107,268.6
2026-08-31,213,Sozo,US,268.4,-10.3,63/59/0,51.6,67,277.4
2026-08-31,214,DAG1105,CL,267.7,+7.5,340/327/6,51.0,217,306.8
2026-08-31,215,floki,BE,267.4,1,16/16/0,50.0,30,286.6
2026-08-31,216,hakster,ZZ,265.5,+32.0,37/46/1,44.6,58,307.0
2026-08-31,217,artav,US,265.4,1,223/189/5,54.1,180,325.9
2026-08-31,218,Silverhammer,US,264.6,3,36/32/1,52.9,50,256.0
2026-08-31,219,aaron5000,US,264.6,16,8/7/0,53.3,15,260.2
2026-08-31,220,Yanis,GR,264.4,12,67/77/1,46.6,99,305.2
2026-08-31,221,johnny d,GR,263.9,1,355/432/8,45.2,244,291.0
2026-08-31,222,Implabable,US,263.6,-20.6,58/43/0,57.4,74,275.4
2026-08-31,223,ZOOGRAFOS,GR,263.3,+36.1,161/142/4,53.1,129,311.7
2026-08-31,224,Rexxxer,NL,262.7,+59.6,133/201/0,39.8,146,270.1
2026-08-31,225,Mercer,US,262.2,25,29/22/1,56.7,43,254.6
2026-08-31,226,GIANNIS P.,GR,261.6,23,19/38/1,33.6,41,361.3
2026-08-31,227,KAOS Agent,US,260.7,11,264/279/9,48.6,207,195.5
2026-08-31,228,Suspicious99,DE,260.3,-14.3,29/27/0,51.8,48,246.2
2026-08-31,229,ConKord,GR,258.7,1,346/376/10,48.0,233,253.0
2026-08-31,230,Miss Aida,US,257.3,-8.9,221/178/4,55.3,190,193.6
2026-08-31,231,Pepico,JP,256.4,+8.2,16/23/0,41.0,25,323.6
2026-08-31,232,Chillado,VA,255.3,+0.4,205/248/3,45.3,201,253.2
2026-08-31,233,LittleGuy,ZZ,255.3,+39.0,498/622/14,44.5,265,274.9
2026-08-31,234,Fairweigh,CX,253.4,-9.0,332/348/17,48.9,236,302.1
2026-08-31,235,1976Diamonds,GR,253.2,+12.8,307/350/7,46.8,186,325.7
2026-08-31,236,rave55,IN,252.0,+7.2,672/689/27,49.4,324,289.2
2026-08-31,237,CWJ,ZZ,248.6,+10.5,66/70/2,48.6,93,258.2
2026-08-31,238,Hero,GR,244.2,-12.0,324/343/16,48.6,216,309.5
2026-08-31,239,Simply The Best,US,244.0,-12.0,80/74/3,51.9,106,251.3
2026-08-31,240,Hannibaal Barca,LB,242.8,-6.8,10/14/0,41.7,23,341.2
2026-08-31,241,Sicosi25,PA,241.4,-9.5,228/346/6,39.8,199,308.2
2026-08-31,242,Lone ranger,ZZ,241.1,4,54/77/1,41.3,75,323.4
2026-08-31,243,Mathias,BE,240.1,20,13/18/1,42.2,21,313.5
2026-08-31,244,Joker,LU,238.8,+70.0,718/885/40,44.9,356,244.5
2026-08-31,245,Moneymaker,US,238.6,+7.4,86/97/0,47.0,113,248.2
2026-08-31,246,theoneandonly,ZZ,238.4,+31.1,119/114/4,51.1,116,230.8
2026-08-31,247,Nikiforos Fokas,GR,236.4,-37.5,147/212/0,40.9,150,315.5
2026-08-31,248,ActionDan,US,235.6,+16.7,88/112/2,44.1,121,284.5
2026-08-31,249,federer,ES,234.9,-34.8,60/70/15,46.6,99,252.9
2026-08-31,250,Enterprise,MH,234.2,-20.7,29/40/2,42.3,58,302.3
2026-08-31,251,anthoula,IS,233.5,14,14/17/0,45.2,29,273.7
2026-08-31,252,Serv1,GR,232.3,4,48/74/1,39.4,82,300.4
2026-08-31,253,Redeyes,GR,229.2,2,27/35/1,43.7,55,296.3
2026-08-31,254,Trajan,US,227.4,+11.7,5/5/0,50.0,10,300.0
2026-08-31,255,skl,ZZ,227.1,-31.7,276/216/7,56.0,214,270.7
2026-08-31,256,Sober_Killer,US,226.3,15,88/95/2,48.1,111,301.0
2026-08-31,257,Malfun Maboun,DE,226.0,2,52/51/1,50.5,76,279.1
2026-08-31,258,schnobi,CH,226.0,-12.8,255/397/6,39.2,219,316.1
2026-08-31,259,Silverwing92,NL,225.7,2,19/20/0,48.7,34,266.4
2026-08-31,260,MRP75,GB,224.7,+1.1,32/31/1,50.8,48,235.4
2026-08-31,261,Juan_McDavidson,ZZ,222.1,5,47/45/0,51.1,67,208.4
2026-08-31,262,alkisagg,CA,220.9,27,36/44/1,45.1,59,271.2
2026-08-31,263,Hades,US,220.5,1,34/38/1,47.3,54,254.3
2026-08-31,264,Agrippa,US,219.7,3,27/40/1,40.4,46,275.4
2026-08-31,265,Missouri,NL,217.5,8,53/77/1,40.8,89,300.6
2026-08-31,266,Dunk90,US,212.5,+17.7,225/260/2,46.4,166,272.7
2026-08-31,267,HARALD,BE,212.4,+22.5,241/366/6,39.8,227,261.8
2026-08-31,268,TheSweetieMan,US,211.6,5,35/49/3,42.0,69,251.8
2026-08-31,269,BirdGang,US,210.5,2,17/18/0,48.6,31,263.5
2026-08-31,270,dalee,GR,210.4,1,18/33/0,35.3,44,303.9
2026-08-31,271,ironman,BE,208.5,3,6/7/0,46.2,11,266.5
2026-08-31,272,RasmusVJ,DK,208.2,+12.0,120/196/6,38.2,149,155.9
2026-08-31,273,Franz K.,DE,207.7,2,36/56/5,39.7,66,275.7
2026-08-31,274,funambulista_ka,ZZ,206.2,+22.1,120/236/5,33.9,164,302.7
2026-08-31,275,BokiLender,RS,204.2,-21.0,494/436/23,53.0,292,253.1
2026-08-31,276,SNIK,GR,201.2,1,8/13/0,38.1,17,313.5
2026-08-31,277,MintFlavouredMarshal,DE,200.9,1,19/19/1,50.0,34,267.1
2026-08-31,278,Marquise DSD,GR,200.1,+23.0,250/405/8,38.3,261,261.6
2026-08-31,279,Aimathros,GR,197.0,+12.6,65/77/7,46.0,100,238.5
2026-08-31,280,duku77,NL,195.5,1,129/162/5,44.4,135,269.6
2026-08-31,281,Al Hakeem,FR,195.2,1,121/150/0,44.6,143,247.1
2026-08-31,282,goopy16204,US,195.1,6,26/40/2,39.7,49,287.7
2026-08-31,283,mgz1408,AT,193.0,2,180/264/5,40.6,152,256.8
2026-08-31,284,balou,BE,191.4,1,68/75/1,47.6,87,252.0
2026-08-31,285,Gambit777,US,190.8,-5.7,106/159/1,40.0,136,295.3
2026-08-31,286,HATETHEWORLD,BE,188.1,14,115/198/4,36.9,175,253.2
2026-08-31,287,Smiley,NL,186.0,2,21/26/0,44.7,47,228.1
2026-08-31,288,Forestman,NL,185.7,-5.8,47/39/1,54.6,65,161.7
2026-08-31,289,Blue Tom,AT,183.8,1,58/83/1,41.2,93,272.9
2026-08-31,290,400tui,CA,181.6,-12.0,134/319/4,29.8,191,322.7
2026-08-31,291,Branko Jevremov,RS,181.2,-18.9,65/115/2,36.3,114,277.2
2026-08-31,292,Ready Player One,US,180.8,1,153/264/0,36.7,177,248.8
2026-08-31,293,Mata Hari,GR,179.2,-21.1,21/32/1,39.8,49,272.1
2026-08-31,294,Daverave,ZZ,177.6,14,40/61/2,39.8,71,285.0
2026-08-31,295,WIAmDream,EG,177.3,11,35/56/0,38.5,63,271.0
2026-08-31,296,Miss Elida,US,176.9,-4.2,333/334/2,49.9,261,196.6
2026-08-31,297,General Rascal,US,176.9,2,32/27/0,54.2,51,169.8
2026-08-31,298,Lucky Hands,NL,176.9,-5.8,34/43/0,44.2,61,250.8
2026-08-31,299,Zman,US,176.1,1,31/55/2,36.4,65,292.5
2026-08-31,300,xap,AU,175.5,3,13/13/0,50.0,21,126.0
2026-08-31,301,RLo,ZZ,173.7,2,30/10/0,75.0,30,74.6
2026-08-31,302,SHARK,ZZ,173.6,3,72/159/2,31.3,124,312.6
2026-08-31,303,Crazydoctor,GR,173.2,14,29/36/0,44.6,55,249.4
2026-08-31,304,hnaught,CH,173.1,+19.4,48/80/1,37.6,86,291.6
2026-08-31,305,queensbury,US,172.4,-7.2,90/127/4,41.6,130,257.6
2026-08-31,306,dyrson,BR,172.0,-31.8,265/364/6,42.2,231,280.6
2026-08-31,307,RickyBobby,ZZ,171.3,+17.0,59/86/1,40.8,107,228.7
2026-08-31,308,Tamarindo,US,168.7,-20.0,268/436/27,38.5,239,308.7
2026-08-31,309,Francisco,ES,168.4,-18.7,26/40/3,39.9,55,271.7
2026-08-31,310,FBI,AU,165.5,2,139/196/1,41.5,138,279.0
2026-08-31,311,Player4992-eri,ZZ,164.6,-14.5,25/31/1,44.7,42,186.4
2026-08-31,312,Kandoruus,ZZ,163.8,1,39/73/3,35.2,85,253.2
2026-08-31,313,FalseAlarm,AU,161.0,-11.2,51/77/3,40.1,86,301.5
2026-08-31,314,RadicalLibre,DO,160.7,+13.3,38/48/0,44.2,56,179.5
2026-08-31,315,nickoriginal,GR,159.4,+1.9,89/145/4,38.2,135,288.5
2026-08-31,316,Snoi,ZZ,157.7,2,145/270/6,35.2,187,252.4
2026-08-31,317,Bibbs22,DE,157.6,8,83/144/0,36.6,113,247.4
2026-08-31,318,fred77,IR,157.0,-17.4,256/414/4,38.3,253,283.2
2026-08-31,319,dings,NL,155.8,-15.3,157/278/2,36.2,172,258.2
2026-08-31,320,Edinisback,BA,155.4,+12.0,8/16/0,33.3,19,326.9
2026-08-31,321,Chrigel,CH,155.3,2,44/35/0,55.7,59,123.0
2026-08-31,322,json,US,152.1,10,29/47/0,38.2,57,238.1
2026-08-31,323,trintingnant,AG,151.7,+7.9,56/149/1,27.4,126,267.9
2026-08-31,324,Clown,WF,150.5,1,111/220/3,33.7,178,275.4
2026-08-31,325,alextrip,GR,149.6,5,88/148/3,37.4,133,310.9
2026-08-31,326,agatharhidis,GR,149.5,-7.2,98/193/0,33.7,153,309.9
2026-08-31,327,schive24,US,149.3,+13.2,54/92/1,37.1,84,262.9
2026-08-31,328,Lavish,US,147.2,+13.1,9/12/1,43.2,16,171.7
2026-08-31,329,Generalinfo,US,146.8,2,59/124/1,32.3,107,295.3
2026-08-31,330,fazi,AT,141.0,-9.6,29/55/2,34.9,60,278.2
2026-08-31,331,teacup,ZZ,139.3,13,128/201/1,38.9,141,258.1
2026-08-31,332,Players,ZZ,132.8,-1.7,159/249/0,39.0,186,247.2
2026-08-31,333,Loumand,DK,131.8,+15.1,60/102/1,37.1,106,291.0
2026-08-31,334,guib543,BE,129.7,3,30/44/1,40.7,60,241.5
2026-08-31,335,vicksburg,US,126.2,-12.0,12/17/0,41.4,26,198.1
2026-08-31,336,ChefGRD,US,123.2,+2.2,138/196/1,41.3,147,232.5
2026-08-31,337,commander bob,US,122.4,+15.9,34/45/0,43.0,58,188.8
2026-08-31,338,ZKNark,AX,122.0,1,47/41/0,53.4,62,129.1
2026-08-31,339,That’s Marvelous,ZZ,119.5,1,75/120/3,38.6,122,246.1
2026-08-31,340,Vodrake,GB,118.8,4,15/21/0,41.7,27,225.4
2026-08-31,341,Colonel Trautman,ES,117.2,2,95/126/3,43.1,123,204.4
2026-08-31,342,Sunnymaster,ZZ,114.9,19,8/15/0,34.8,19,284.4
2026-08-31,343,Yas,FR,114.5,-6.8,15/33/0,31.3,36,250.7
2026-08-31,344,Tyto Alba,IT,113.4,-3.7,294/542/3,35.2,228,304.8
2026-08-31,345,Gecko,CA,112.5,26,5/20/0,20.0,22,302.1
2026-08-31,346,Number1Grizzly,US,112.0,14,14/28/0,33.3,38,253.0
2026-08-31,347,CNY,US,110.8,-1.4,65/114/4,36.6,109,205.5
2026-08-31,348,inzy,AU,108.9,9,82/109/3,43.0,103,145.7
2026-08-31,349,MISA,ZZ,108.4,+14.1,35/66/0,34.7,78,242.5
2026-08-31,350,Zaz,ZZ,107.8,-8.0,6/16/1,28.3,19,285.8
2026-08-31,351,Butcherjack,DK,106.8,+6.1,27/49/1,35.7,62,240.9
2026-08-31,352,Cut Killah,FJ,103.5,8,21/58/0,26.6,55,319.3
2026-08-31,353,Backyard Game,CA,98.1,14,16/30/0,34.8,37,241.7
2026-08-31,354,BasilTheBatlord,ZZ,96.8,16,13/23/0,36.1,25,221.3
2026-08-31,355,WaltLemonJr,US,96.3,+5.2,60/100/1,37.6,103,248.0
2026-08-31,356,Scottf12345,US,96.1,-8.8,43/93/0,31.6,97,268.9
2026-08-31,357,Mello,IT,93.4,-16.6,188/382/0,33.0,219,273.0
2026-08-31,358,davids,ZZ,92.4,8,6/15/1,29.5,20,245.7
2026-08-31,359,Shivaanoz,BE,90.4,2,109/232/1,32.0,170,269.6
2026-08-31,360,SnazzyT,US,89.0,1,22/50/2,31.1,48,207.7
2026-08-31,361,Kaibs,CA,86.8,+23.6,17/30/0,36.2,39,196.5
2026-08-31,362,iwikilu,US,85.2,+5.7,29/96/1,23.4,97,216.0
2026-08-31,363,Knightmare Dungeoneers,GB,84.4,+12.8,159/173/5,47.9,151,105.2
2026-08-31,364,General Thompson,US,83.2,-19.7,128/224/1,36.4,176,248.9
2026-08-31,365,Bodo,DE,80.5,24,7/17/0,29.2,18,215.1
2026-08-31,366,Popolaretti,ZZ,76.1,3,11/24/0,31.4,30,200.8
2026-08-31,367,StrategoFreund,DE,74.7,-31.7,113/325/1,25.9,202,263.2
2026-08-31,368,TheArtfulDodger,CA,73.6,1,27/33/0,45.0,34,134.6
2026-08-31,369,Beammeup,US,72.0,+3.1,21/24/2,46.8,28,106.9
2026-08-31,370,PsychicPi,US,70.4,23,9/12/0,42.9,18,101.6
2026-08-31,371,jagger314,BR,67.8,+6.3,52/138/0,27.4,103,222.6
2026-08-31,372,narobber,BE,63.6,-0.5,12/23/0,34.3,29,245.6
2026-08-31,373,Rantanplan,ZZ,63.5,3,8/20/0,28.6,24,219.9
2026-08-31,374,Dark Lord,US,55.0,-19.1,102/253/4,29.0,136,271.2
2026-08-31,375,Funkybunch,ZZ,54.8,13,250/439/3,36.3,289,221.7
2026-08-31,376,evdog104,PS,54.6,2,39/67/1,36.9,70,202.2
2026-08-31,377,Doppia D,IT,52.0,+17.1,6/15/0,28.6,18,237.2
2026-08-31,378,TanKHuntER,US,50.3,-5.2,9/21/0,30.0,29,207.7
2026-08-31,379,widersach,DE,47.9,8,32/49/1,39.6,50,129.5
2026-08-31,380,Vasily Tukhachevsky,RU,46.3,27,4/15/1,22.5,17,311.1
2026-08-31,381,Knoway,ZZ,44.8,17,12/29/0,29.3,28,211.0
2026-08-31,382,ECfnW,NL,43.9,-0.7,41/100/1,29.2,72,111.5
2026-08-31,383,ACWilhelm,US,41.8,2,11/33/1,25.6,35,261.8
2026-08-31,384,lirussy,ZZ,41.2,13,8/19/0,29.6,23,172.6
2026-08-31,385,Spoon,US,41.0,16,12/33/0,26.7,32,196.9
2026-08-31,386,Snaketaco,US,39.8,5,17/51/0,25.0,50,185.4
2026-08-31,387,JeromeV,ZZ,38.5,2,12/22/1,35.7,29,164.4
2026-08-31,388,Darquise,DE,35.7,2,7/30/0,18.9,33,286.6
2026-08-31,389,Arwad,ZZ,35.1,1,2/24/1,9.3,24,253.4
2026-08-31,390,Mervyn10,PY,33.4,20,13/86/0,13.1,58,188.3
2026-08-31,391,Winx,ZZ,33.1,6,25/80/0,23.8,66,307.4
2026-08-31,392,Longshanks,ZZ,32.9,5,6/16/0,27.3,18,240.4
2026-08-31,393,honda08,GR,30.5,2,8/28/1,23.0,30,234.0
2026-08-31,394,killersuv,ZZ,25.6,6,4/17/0,19.0,18,152.2
2026-08-31,395,TWFanClub,US,25.5,22,13/69/0,15.9,58,303.3
2026-08-31,396,Rev MD,US,25.3,6,2/10/0,16.7,12,205.4
2026-08-31,397,PuffyChickenlegs,US,24.7,20,11/47/0,19.0,40,202.7
2026-08-31,398,TheFatFox,US,24.5,3,8/21/0,27.6,24,212.5
2026-08-31,399,Jesse22,NL,24.0,8,5/33/0,13.2,35,212.5
2026-08-31,400,Bram,BE,23.2,3,55/240/1,18.8,133,336.0
2026-08-31,401,FischC,US,18.8,-3.2,26/96/0,21.3,75,259.2
2026-08-31,402,SpaceCowboy,US,16.4,1,9/22/1,29.7,31,154.1
2026-08-31,403,Llamma,US,16.0,2,2/21/0,8.7,22,196.9
2026-08-31,404,Hieratic,RS,15.8,8,18/60/0,23.1,58,265.4
2026-08-31,405,Coulomb,ZZ,15.2,-3.5,13/44/1,23.3,46,222.3
2026-08-31,406,breizh,FR,12.4,9,6/31/1,17.1,34,264.7
2026-08-31,407,kds4783,US,12.1,-3.4,62/171/0,26.6,143,164.1
2026-08-31,408,Karatekapro15,ES,11.7,-5.6,11/30/0,26.8,33,187.3
2026-08-31,409,Wolfler,US,10.8,14,3/16/0,15.8,17,312.7
2026-08-31,410,Brutus,CH,8.8,29,4/36/0,10.0,30,278.1
2026-08-31,411,Heinrich Khunrath,BQ,8.7,17,6/20/0,23.1,22,184.6
2026-08-31,412,Boule,DE,8.4,12,9/28/0,24.3,26,203.1
2026-08-31,413,Davmholms,US,6.8,-4.1,87/242/2,26.6,153,243.7
2026-08-31,414,new,US,6.4,-5.5,6/19/0,24.0,20,138.8
2026-08-31,415,Princess,US,4.5,3,8/32/0,20.0,38,252.6
2026-08-31,416,ntgnewbie,US,4.2,-0.2,12/58/0,17.1,57,241.8
2026-08-31,417,edges,CH,2.6,-73.6,10/34/1,23.3,40,212.4
2026-08-31,418,Speedbags,US,2.5,-7.5,5/32/0,13.5,28,184.2
2026-08-31,419,anti mantice,GB,1.5,16,4/21/0,16.0,23,232.3
2026-08-31,420,ComplyOrDie,GB,0.4,-1.4,4/41/0,8.9,29,233.1
2026-08-31,421,Epitaph,ZZ,0.1,7,8/17/0,32.0,20,127.5
2026-09-01,1,Winner,US,789.3,-15.4,102/35/2,74.1,45,575.4
2026-09-01,2,Mirage,AU,740.2,-32.1,342/161/7,67.7,130,528.2
2026-09-01,3,Nemesis,US,734.5,1,255/118/10,67.9,107,539.1
2026-09-01,4,kamikaze,GB-SCT,732.6,-8.0,235/60/3,79.4,97,457.8
2026-09-01,5,embracingracialunity.org,US,696.2,+4.6,195/19/0,91.1,127,229.4
2026-09-01,6,BFG,NL,673.8,2,34/11/1,75.0,36,454.1
2026-09-01,7,Hielco,NL,667.7,4,11/12/2,48.0,15,620.8
2026-09-01,8,Diddy,ZZ,664.8,+10.8,297/133/7,68.8,108,479.0
2026-09-01,9,Eagle06,CH,659.9,1,122/26/8,80.8,90,405.6
2026-09-01,10,Maelstrom,CA,651.3,+5.0,524/216/13,70.5,128,538.1
2026-09-01,11,Fairway,US,648.4,4,89/34/5,71.5,68,417.2
2026-09-01,12,zach21,US,616.7,+30.0,121/96/7,55.6,70,524.6
2026-09-01,13,tonylaw44,GR,613.4,+3.9,788/297/12,72.4,268,350.5
2026-09-01,14,eb124,BE,612.3,5,7/4/1,62.5,11,500.6
2026-09-01,15,Lottorush,US,609.1,-0.4,347/173/11,66.4,142,431.7
2026-09-01,16,Kanonenkeks,DE,606.0,1,324/169/2,65.7,143,445.0
2026-09-01,17,DIVERGENT,AU,605.9,2,67/47/2,58.6,64,489.9
2026-09-01,18,PokerFace,ZA,605.7,1,239/92/7,71.7,141,384.9
2026-09-01,19,Henry domerkant,GR,605.4,+10.1,545/296/22,64.4,183,478.8
2026-09-01,20,Garulfo,NL,601.8,1,43/31/2,57.9,44,513.5
2026-09-01,21,garlick,FR,592.7,-15.0,251/214/13,53.9,124,471.4
2026-09-01,22,SIR_Bal,GR,582.7,22,6/5/0,54.5,10,476.8
2026-09-01,23,Karolus,PL,579.1,-10.3,37/31/0,54.4,41,557.2
2026-09-01,24,OVERLORD,GR,571.8,6,214/74/4,74.0,107,475.4
2026-09-01,25,411 Discipline,US,571.3,9,82/30/2,72.8,67,382.5
2026-09-01,26,Bad Milo,NL,567.9,1,27/22/1,55.0,31,550.5
2026-09-01,27,sweet52,ZZ,567.4,4,43/6/0,87.8,34,366.4
2026-09-01,28,Nightwolf,NR,566.9,+1.5,221/40/4,84.2,170,227.4
2026-09-01,29,kartoffelfresser,ZZ,566.4,12,72/89/3,44.8,72,523.9
2026-09-01,30,Frosty :),US,561.5,1,145/165/2,46.8,53,612.7
2026-09-01,31,gkaros,GR,560.4,5,23/14/0,62.2,30,463.6
2026-09-01,32,Sekertzis1973,GR,560.0,+0.2,478/205/17,69.5,167,431.9
2026-09-01,33,recar,US,553.7,1,75/21/7,76.2,45,301.3
2026-09-01,34,Display,ZZ,537.8,+15.0,72/45/3,61.3,69,448.8
2026-09-01,35,gpet0,GR,532.6,-36.8,785/439/20,63.9,243,386.1
2026-09-01,36,Napoleon 1er,CH,532.5,+3.8,78/44/4,63.5,64,444.9
2026-09-01,37,PHAETHON,GR,528.6,+5.9,204/141/11,58.8,141,407.8
2026-09-01,38,Don Mitsos,GR,526.4,-6.9,461/241/14,65.4,186,384.7
2026-09-01,39,Marmal,NL,526.3,+8.0,425/305/10,58.1,215,373.8
2026-09-01,40,JIREN,PE,519.2,+14.2,172/150/12,53.3,109,493.9
2026-09-01,41,Spartacus,NL,516.7,9,263/164/9,61.4,157,368.6
2026-09-01,42,warlock,US,512.2,+13.4,198/116/8,62.7,118,419.1
2026-09-01,43,mirmidonas,GR,510.4,1,79/21/1,78.7,63,244.2
2026-09-01,44,Jack,ZZ,508.4,-2.9,138/113/6,54.9,95,458.8
2026-09-01,45,Skyfall,BE,505.0,+9.0,202/106/5,65.3,133,424.3
2026-09-01,46,crusader,GR,498.0,+18.6,239/157/6,60.2,167,343.9
2026-09-01,47,guibui,DE,495.6,+11.4,523/153/7,77.1,248,274.2
2026-09-01,48,Ollie,CA,495.1,-1.8,441/223/20,65.9,226,338.7
2026-09-01,49,Who Cares?,DE,494.3,+67.5,632/546/16,53.6,229,403.2
2026-09-01,50,Duncan,NL,494.0,17,32/30/1,51.6,42,496.2
2026-09-01,51,Tomba,BE,493.3,3,34/8/0,81.0,33,233.9
2026-09-01,52,Andreas94,GR,485.4,-3.2,251/221/4,53.2,154,400.0
2026-09-01,53,Samuel,GB,484.4,-8.8,430/308/17,58.1,184,417.9
2026-09-01,54,LAHSRAM,CN,482.7,1,115/97/0,54.2,60,519.8
2026-09-01,55,skaven,NO,481.3,+13.9,74/54/5,57.5,91,386.1
2026-09-01,56,Morx,NL,480.7,10,38/18/3,66.9,41,395.4
2026-09-01,57,Pinnacle,ZZ,477.3,7,41/10/3,78.7,46,307.9
2026-09-01,58,Ides_Of_March_NC,US,476.3,-3.4,194/69/18,72.2,139,272.5
2026-09-01,59,Unseen Hero,GR,476.1,-16.0,568/296/9,65.6,241,361.5
2026-09-01,60,Pericoperez,ES,472.8,22,73/50/1,59.3,67,355.2
2026-09-01,61,Barbarians,GI,472.5,+2.6,207/127/6,61.8,151,351.2
2026-09-01,62,Tasos.kaps,GR,471.8,+34.1,158/89/3,63.8,137,341.6
2026-09-01,63,Donnafugata,IT,469.2,4,223/44/2,83.3,161,196.2
2026-09-01,64,Stelios,GR,467.1,2,126/58/0,68.5,98,393.7
2026-09-01,65,Grizzlybear,DE,466.5,+8.7,59/36/6,61.4,71,372.8
2026-09-01,66,roeczak,GR,465.0,1,38/43/1,47.0,48,479.1
2026-09-01,67,Atraf,IL,464.6,+22.4,242/138/5,63.5,143,369.4
2026-09-01,68,Jerry,US,463.4,12,15/7/2,66.7,22,328.3
2026-09-01,69,Panter,CZ,461.1,3,215/110/5,65.9,136,362.2
2026-09-01,70,Vindicta,US,458.3,24,225/133/5,62.7,114,430.3
2026-09-01,71,FGP_,GR,457.1,5,104/46/4,68.8,99,300.6
2026-09-01,72,Rich piana,GR,451.9,+5.8,108/89/2,54.8,119,348.6
2026-09-01,73,Odo,NL,451.5,3,148/87/4,62.8,131,340.3
2026-09-01,74,Karma,AU,450.8,-15.4,102/126/1,44.8,89,525.2
2026-09-01,75,banana_hammock,US,450.1,+37.6,523/231/22,68.8,239,320.6
2026-09-01,76,Knightsnake,US,450.0,4,162/46/3,77.5,97,188.4
2026-09-01,77,Wnehme,LB,448.6,+11.2,258/152/6,62.7,163,344.8
2026-09-01,78,Barri,ES,446.6,2,43/26/1,62.1,51,369.3
2026-09-01,79,Guest Mystery,NL,441.0,1,45/28/3,61.2,55,338.1
2026-09-01,80,Nick Dusk,ZZ,440.1,+12.2,225/148/7,60.1,159,332.2
2026-09-01,81,ICANMAKEUFAMOUS,BF,439.5,+9.8,92/69/3,57.0,97,338.9
2026-09-01,82,Kostass2506,GR,439.0,+7.6,553/456/29,54.7,212,407.1
2026-09-01,83,TheBlackDress,US,434.3,1,136/71/1,65.6,112,327.5
2026-09-01,84,TourniKID,DE,433.5,21,41/28/2,59.2,61,363.2
2026-09-01,85,The Seventh Seal,US,433.1,+8.7,116/73/1,61.3,110,342.7
2026-09-01,86,XXXStrategy,CA,432.3,+1.1,63/25/3,70.9,60,314.7
2026-09-01,87,AmazingGeorges,CA,427.6,+1.8,106/97/4,52.2,116,370.4
2026-09-01,88,Yo mamas,BA,426.5,-9.7,874/790/5,52.5,257,333.6
2026-09-01,89,Noobmeister,GR,426.1,-41.6,8/8/0,50.0,12,385.1
2026-09-01,90,Liogreen,AT,425.1,+37.6,187/196/5,48.8,167,472.9
2026-09-01,91,KingTubby,JM,421.4,+4.0,334/164/9,66.8,189,367.1
2026-09-01,92,HazMate14,AU,420.7,-12.9,87/48/6,63.8,93,310.2
2026-09-01,93,Rambo,AU,415.7,+6.9,248/159/5,60.8,166,334.5
2026-09-01,94,Späher,DE,413.6,8,54/39/3,57.8,69,327.7
2026-09-01,95,Jovo,IT,407.9,15,34/18/1,65.1,44,286.7
2026-09-01,96,CORNERFLAGLEFT,ZZ,405.2,+16.1,190/144/4,56.8,151,337.0
2026-09-01,97,Pieter,NL,404.8,+41.6,147/104/4,58.4,127,355.5
2026-09-01,98,Leppie,BE,400.7,17,21/16/2,56.4,33,350.0
2026-09-01,99,an_album_cover,NZ,399.1,+18.7,135/83/0,61.9,140,302.8
2026-09-01,100,BurningGoldfish,ZZ,397.8,4,8/5/1,60.7,14,372.3
2026-09-01,101,Nyxtas,GR,396.5,1,24/25/2,49.0,39,379.9
2026-09-01,102,Roland,GB,396.4,-15.6,174/166/1,51.2,123,327.8
2026-09-01,103,green panther,AT,396.2,10,62/51/0,54.9,71,365.9
2026-09-01,104,ruined_creature,MX,396.1,-30.7,784/583/19,57.3,262,351.2
2026-09-01,105,Mr PEP,GP,395.9,25,157/124/2,55.8,140,283.6
2026-09-01,106,player-anw,US,395.1,6,65/38/2,62.9,79,302.8
2026-09-01,107,skeptikistis,GR,394.3,3,18/11/3,60.9,27,349.7
2026-09-01,108,Chaidari,GR,392.9,-5.0,378/295/3,56.1,218,292.4
2026-09-01,109,marcheese,CA,392.2,-26.6,111/86/10,56.0,108,383.9
2026-09-01,110,BATTLECRY,AU,390.6,2,81/96/0,45.8,95,410.8
2026-09-01,111,TemplateRex,NL,390.0,5,34/24/0,58.6,45,267.9
2026-09-01,112,Lord Vader,US,388.8,+5.7,217/155/1,58.3,149,316.4
2026-09-01,113,NavyJoe,US,388.6,-15.1,96/61/0,61.1,106,322.2
2026-09-01,114,WTF,GR,388.3,1,143/100/1,58.8,126,331.8
2026-09-01,115,Biber1,DE,385.8,+10.4,24/12/1,66.2,32,295.5
2026-09-01,116,Venom,US,382.4,+31.6,146/148/2,49.7,120,322.0
2026-09-01,117,Kuni,US,382.3,11,13/4/1,75.0,15,342.6
2026-09-01,118,KarnaVNP,SR,380.0,2,15/9/3,61.1,24,333.6
2026-09-01,119,Daniel G,US,379.9,+43.7,419/447/5,48.4,240,302.0
2026-09-01,120,Thanathos,IT,373.3,2,426/367/10,53.7,233,303.0
2026-09-01,121,Strategos,NL,371.6,+27.9,228/189/6,54.6,171,288.5
2026-09-01,122,Roger Oncemore II,DE,369.7,+10.7,132/111/9,54.2,145,306.8
2026-09-01,123,DontCryWhenILottoU,US,368.5,+0.4,635/658/4,49.1,289,304.8
2026-09-01,124,milad,SE,368.1,2,446/483/22,48.1,206,430.5
2026-09-01,125,Meoww,NL,365.5,1,87/73/6,54.2,104,361.7
2026-09-01,126,Jossy,DE,361.8,+27.1,92/86/7,51.6,90,308.7
2026-09-01,127,Timmy,GB,358.7,1,300/265/16,53.0,213,325.9
2026-09-01,128,VAGABOND JOE,NO,355.6,-1.9,90/81/6,52.5,118,304.5
2026-09-01,129,OZZZY,CA,355.4,4,54/47/1,53.4,77,316.2
2026-09-01,130,knickles,US,354.1,-6.8,78/31/1,71.4,67,194.1
2026-09-01,131,Ghostzapper,US,353.6,3,105/50/2,67.5,105,268.8
2026-09-01,132,SETTLER,TZ,353.5,-80.4,442/350/9,55.7,151,389.6
2026-09-01,133,IKnowThingsGood,US,353.0,+3.7,108/78/3,57.9,114,285.6
2026-09-01,134,MacyTheBlackCAT,US,350.6,-23.2,392/386/17,50.4,228,350.9
2026-09-01,135,Martisio,ES,348.8,2,90/68/4,56.8,110,295.2
2026-09-01,136,dindo,MT,346.5,-9.4,501/434/14,53.5,281,284.2
2026-09-01,137,Tomjonas,VA,344.3,-3.3,275/276/10,49.9,195,303.4
2026-09-01,138,SmokingGun,SY,344.3,-12.1,227/240/6,48.6,180,306.9
2026-09-01,139,Katama,NL,343.2,-19.8,37/40/0,48.1,59,368.1
2026-09-01,140,MigmaShelter,JP,342.3,6,13/13/0,50.0,22,343.2
2026-09-01,141,Kranevitter,NL,340.5,+10.8,143/110/3,56.4,131,302.8
2026-09-01,142,LSR70,BE,337.2,+16.9,449/399/34,52.8,238,321.2
2026-09-01,143,Blackstar,DE,336.9,+4.8,20/9/0,69.0,25,210.3
2026-09-01,144,theos,GR,336.5,6,17/14/1,54.7,27,289.1
2026-09-01,145,Mantis,US,334.8,+11.5,262/234/6,52.8,184,312.5
2026-09-01,146,BaronNr1,NL,333.9,7,8/12/0,40.0,18,271.5
2026-09-01,147,fungio,ZZ,332.8,+2.2,247/218/8,53.1,180,307.9
2026-09-01,148,Alexander007,DE,332.7,2,19/21/0,47.5,35,332.2
2026-09-01,149,molswi,CA,331.5,-12.2,118/108/6,52.2,140,288.0
2026-09-01,150,Battle Tested,US,330.9,3,24/17/0,58.5,35,241.1
2026-09-01,151,mindfocus,BE,330.5,1,17/6/1,72.9,19,261.4
2026-09-01,152,Tilor,US,330.0,-9.2,78/67/5,53.7,101,314.9
2026-09-01,153,Cutie,CX,329.5,2,101/84/1,54.6,109,282.0
2026-09-01,154,Chainsaw Man,IE,328.4,+49.1,928/841/21,52.4,303,286.4
2026-09-01,155,Guventus,GB,328.1,4,260/246/5,51.4,173,324.9
2026-09-01,156,Pizza70 wow,IT,326.4,-2.0,402/392/6,50.6,237,297.6
2026-09-01,157,joeli,DE,324.6,-26.0,65/59/0,52.4,77,334.7
2026-09-01,158,The CAP,US,322.7,+6.3,182/210/5,46.5,188,305.2
2026-09-01,159,Mamadou,AO,320.9,2,51/26/1,66.0,65,234.2
2026-09-01,160,def,ZZ,320.7,2,9/6/0,60.0,12,168.1
2026-09-01,161,Pretzel Logic,BS,320.6,+8.0,396/426/7,48.2,240,301.4
2026-09-01,162,Lawww,US,318.8,10,98/86/6,53.2,121,261.3
2026-09-01,163,Just4fun,ZW,317.7,19,31/21/3,59.1,45,239.3
2026-09-01,164,Marschall82,DE,317.7,-11.3,120/113/3,51.5,112,293.3
2026-09-01,165,Petra,US,317.0,14,241/173/0,58.2,167,332.9
2026-09-01,166,WICKED LESTER,US,316.8,7,76/52/1,59.3,66,248.4
2026-09-01,167,Nickie,BE,316.6,1,9/2/0,81.8,11,152.0
2026-09-01,168,GORLAMI,ZZ,316.1,1,257/244/31,51.2,172,340.8
2026-09-01,169,Jack*Of*Trades,US,315.9,-13.2,100/109/1,47.9,119,305.9
2026-09-01,170,morias,GR,315.6,1,27/29/0,48.2,49,296.9
2026-09-01,171,(mind_is_blown),CA,314.5,-5.7,185/200/5,48.1,163,320.0
2026-09-01,172,bobstack,US,312.2,-11.4,44/34/0,56.4,61,263.6
2026-09-01,173,Noscope420,US,310.9,9,61/53/3,53.4,76,290.0
2026-09-01,174,Nyord,DK,309.8,+22.9,65/59/4,52.3,85,262.6
2026-09-01,175,Vexplop,ZZ,309.3,-74.9,515/505/5,50.5,224,394.9
2026-09-01,176,The Trooper,US,309.2,3,4/6/2,41.7,11,315.8
2026-09-01,177,TheRick616,CA,307.7,3,27/25/0,51.9,40,312.9
2026-09-01,178,Kloppo09,DE,305.2,3,34/39/0,46.6,59,341.5
2026-09-01,179,cycy17,BE,303.6,-12.3,112/158/1,41.5,157,288.2
2026-09-01,180,BIGBOOM,US,303.5,-19.0,46/54/2,46.1,74,332.3
2026-09-01,181,Plátano,PA,301.4,13,45/47/1,48.9,61,292.0
2026-09-01,182,Commish,US,300.2,-13.9,452/454/6,49.9,254,312.5
2026-09-01,183,(umdisclosed),ZZ,299.3,+21.3,8/5/0,61.5,13,234.5
2026-09-01,184,Sirius,GR,299.2,1,152/127/4,54.4,121,285.7
2026-09-01,185,Unflagged,ZZ,298.6,1,41/45/5,47.8,60,327.0
2026-09-01,186,Goldeneyes,HU,295.2,+10.6,319/304/19,51.2,239,300.3
2026-09-01,187,Isi,GR,294.4,+3.6,141/163/0,46.4,153,311.5
2026-09-01,188,Samos,ZZ,293.3,6,15/13/1,53.4,26,279.0
2026-09-01,189,Prince of Thieves,NL,293.3,+2.5,54/40/2,57.3,69,225.9
2026-09-01,190,Muffinman,IT,292.2,+7.6,144/185/4,43.8,138,308.7
2026-09-01,191,player-mag,BE,291.3,8,34/23/0,59.6,46,183.9
2026-09-01,192,Chillado,VA,289.9,+34.7,205/243/3,45.8,198,253.4
2026-09-01,193,Pintel,US,288.8,+18.4,105/78/3,57.3,112,266.4
2026-09-01,194,FelixG,MX,288.3,+11.7,180/180/0,50.0,170,304.3
2026-09-01,195,Rexxxer,NL,286.7,+24.0,136/199/0,40.6,147,268.6
2026-09-01,196,Rolex_Cowboy,US,285.1,1,210/237/6,47.0,188,308.5
2026-09-01,197,Sibelius,EE,283.7,10,30/26/2,53.4,42,246.1
2026-09-01,198,Empalador,ZZ,283.5,1,499/473/8,51.3,219,308.6
2026-09-01,199,ZOOGRAFOS,GR,279.4,+16.0,169/148/4,53.3,134,310.2
2026-09-01,200,Colinbbost,GR,279.3,1,31/37/1,45.7,51,342.4
2026-09-01,201,Eise the Great,NL,278.5,-14.9,54/51/3,51.4,67,298.8
2026-09-01,202,hammond,ZZ,277.6,2,55/76/0,42.0,97,333.2
2026-09-01,203,RashCobra105,BT,277.0,-12.0,35/27/0,56.5,49,300.4
2026-09-01,204,DAG1105,CL,276.7,+9.0,338/327/6,50.8,215,307.2
2026-09-01,205,JustBeFactual,ZZ,274.4,5,139/123/4,53.0,141,275.8
2026-09-01,206,SolusVeritas,US,272.7,-21.5,27/20/0,57.4,37,236.9
2026-09-01,207,Pepicio,ES,272.1,27,31/32/1,49.2,35,288.2
2026-09-01,208,Miss Aida,US,271.7,+14.3,228/184/4,55.3,197,194.9
2026-09-01,209,TheKing,BE,270.1,-6.6,11/9/0,55.0,16,236.3
2026-09-01,210,Suspicious99,DE,268.3,+8.0,30/27/0,52.6,48,245.3
2026-09-01,211,ConKord,GR,268.3,+9.6,346/376/10,48.0,233,253.0
2026-09-01,212,floki,BE,267.4,2,16/16/0,50.0,30,286.6
2026-09-01,213,rave55,IN,266.6,+14.6,676/696/27,49.3,323,289.2
2026-09-01,214,artav,US,265.4,2,221/187/5,54.1,179,327.1
2026-09-01,215,Silverhammer,US,264.6,4,36/32/1,52.9,50,256.0
2026-09-01,216,aaron5000,US,264.6,17,8/7/0,53.3,15,260.2
2026-09-01,217,Yanis,GR,264.4,13,63/71/1,47.0,94,306.6
2026-09-01,218,johnny d,GR,263.9,2,353/430/8,45.1,244,290.9
2026-09-01,219,Implabable,US,263.6,1,58/43/0,57.4,74,275.4
2026-09-01,220,Fairweigh,CX,263.4,+9.9,332/347/17,48.9,236,302.3
2026-09-01,221,Mercer,US,262.2,26,29/22/1,56.7,43,254.6
2026-09-01,222,GIANNIS P.,GR,261.6,24,19/34/1,36.1,39,352.2
2026-09-01,223,philchillas,GB,260.9,-16.9,187/184/0,50.4,178,302.8
2026-09-01,224,KAOS Agent,US,260.7,12,262/274/9,48.9,203,194.8
2026-09-01,225,Zevy,GE,259.3,-40.2,99/85/4,53.7,107,262.4
2026-09-01,226,Homer,ES,259.1,-14.5,84/97/3,46.5,111,309.2
2026-09-01,227,Tooney13!,CA,259.0,-28.4,117/125/3,48.4,117,288.6
2026-09-01,228,MagezuficA,PS,258.4,-21.1,155/245/1,38.8,163,324.7
2026-09-01,229,Sozo,US,257.5,-10.9,63/60/0,51.2,67,277.1
2026-09-01,230,Dirk Drent,ZZ,255.3,-21.6,184/200/1,47.9,148,264.0
2026-09-01,231,hakster,ZZ,254.0,-11.5,38/49/1,43.8,60,308.9
2026-09-01,232,federer,ES,253.9,+18.9,65/72/15,47.7,101,253.7
2026-09-01,233,Nikiforos Fokas,GR,252.1,+15.7,145/207/0,41.2,150,312.2
2026-09-01,234,Simply The Best,US,246.3,+2.3,81/74/3,52.2,106,250.0
2026-09-01,235,Sicosi25,PA,246.2,+4.7,228/344/6,40.0,198,307.4
2026-09-01,236,Moneymaker,US,245.6,+7.1,86/96/0,47.3,114,247.8
2026-09-01,237,Hero,GR,244.2,1,322/340/15,48.7,212,310.1
2026-09-01,238,Hannibaal Barca,LB,242.8,1,9/14/0,39.1,23,338.9
2026-09-01,239,LittleGuy,ZZ,242.8,-12.4,503/624/14,44.7,267,274.7
2026-09-01,240,Joker,LU,242.5,+3.7,715/880/41,45.0,356,244.5
2026-09-01,241,Lone ranger,ZZ,241.1,5,54/77/1,41.3,75,323.4
2026-09-01,242,ActionDan,US,240.6,+5.0,89/112/2,44.3,122,283.4
2026-09-01,243,Mathias,BE,240.1,21,13/18/1,42.2,21,313.5
2026-09-01,244,MRP75,GB,238.9,+14.2,36/36/1,50.0,53,248.6
2026-09-01,245,1976Diamonds,GR,238.8,-14.4,308/353/7,46.6,186,325.5
2026-09-01,246,CWJ,ZZ,237.2,-11.4,67/73/2,47.9,95,260.5
2026-09-01,247,skl,ZZ,234.5,+7.4,277/217/7,56.0,213,270.2
2026-09-01,248,Pepico,JP,234.0,-22.3,16/26/0,38.1,27,325.0
2026-09-01,249,anthoula,IS,233.5,15,14/17/0,45.2,29,273.7
2026-09-01,250,Serv1,GR,232.3,5,48/74/1,39.4,82,300.4
2026-09-01,251,Redeyes,GR,229.2,3,27/33/1,45.1,53,300.1
2026-09-01,252,Trajan,US,227.4,1,5/5/0,50.0,10,300.0
2026-09-01,253,Sober_Killer,US,226.3,16,86/94/2,47.8,109,303.5
2026-09-01,254,Malfun Maboun,DE,226.0,3,52/51/1,50.5,76,279.1
2026-09-01,255,Dunk90,US,225.8,+13.2,226/260/2,46.5,166,272.9
2026-09-01,256,Silverwing92,NL,225.7,3,19/20/0,48.7,34,266.4
2026-09-01,257,theoneandonly,ZZ,224.3,-14.0,120/116/5,50.8,118,230.2
2026-09-01,258,ironman,BE,223.1,+14.6,7/7/0,50.0,12,274.7
2026-09-01,259,Juan_McDavidson,ZZ,222.1,6,47/45/0,51.1,67,208.4
2026-09-01,260,Mata Hari,GR,221.2,+42.0,26/34/1,43.4,53,269.3
2026-09-01,261,alkisagg,CA,220.9,28,36/44/1,45.1,59,271.2
2026-09-01,262,Hades,US,220.5,2,34/38/1,47.3,54,254.3
2026-09-01,263,Agrippa,US,219.7,4,27/40/1,40.4,46,275.4
2026-09-01,264,Enterprise,MH,219.2,-15.0,31/43/2,42.1,60,294.5
2026-09-01,265,Missouri,NL,217.5,9,53/77/1,40.8,89,300.6
2026-09-01,266,mgz1408,AT,215.1,+22.1,185/268/5,40.9,153,256.7
2026-09-01,267,Gambit777,US,213.7,+22.9,105/159/1,39.8,137,294.5
2026-09-01,268,TheSweetieMan,US,211.6,6,31/42/3,42.8,60,250.8
2026-09-01,269,BirdGang,US,210.5,3,15/17/0,46.9,28,274.2
2026-09-01,270,dalee,GR,210.4,2,18/33/0,35.3,44,303.9
2026-09-01,271,BokiLender,RS,208.8,+4.5,493/432/23,53.2,291,253.4
2026-09-01,272,Franz K.,DE,207.7,3,36/53/5,41.0,64,275.9
2026-09-01,273,400tui,CA,202.6,+21.0,136/322/4,29.9,191,324.2
2026-09-01,274,SNIK,GR,201.2,2,8/13/0,38.1,17,313.5
2026-09-01,275,MintFlavouredMarshal,DE,200.9,2,16/19/1,45.8,32,275.5
2026-09-01,276,Flag Man,US,199.6,-98.5,45/67/1,40.3,86,291.5
2026-09-01,277,balou,BE,196.4,+5.0,67/75/1,47.2,86,249.1
2026-09-01,278,duku77,NL,195.5,2,129/162/5,44.4,135,269.6
2026-09-01,279,goopy16204,US,195.1,7,26/40/2,39.7,49,287.7
2026-09-01,280,Cannon,UA,193.9,-86.3,270/543/9,33.4,261,310.4
2026-09-01,281,HARALD,BE,190.3,-22.2,240/366/5,39.7,225,259.6
2026-09-01,282,Marquise DSD,GR,188.2,-11.9,250/402/8,38.5,261,260.9
2026-09-01,283,HATETHEWORLD,BE,188.1,15,115/198/4,36.9,175,253.2
2026-09-01,284,Tamarindo,US,186.9,+18.2,271/434/27,38.9,243,307.6
2026-09-01,285,schnobi,CH,186.7,-39.3,259/411/6,38.8,220,315.7
2026-09-01,286,Smiley,NL,186.0,3,21/26/0,44.7,47,228.1
2026-09-01,287,Blue Tom,AT,183.8,2,58/83/1,41.2,93,272.9
2026-09-01,288,dyrson,BR,182.8,+10.7,268/367/6,42.3,231,280.7
2026-09-01,289,Branko Jevremov,RS,181.2,1,61/114/2,35.0,112,278.8
2026-09-01,290,General Rascal,US,180.8,+3.9,33/26/0,55.9,51,162.5
2026-09-01,291,Aimathros,GR,180.3,-16.7,65/79/7,45.4,100,238.7
2026-09-01,292,hnaught,CH,179.9,+6.7,50/81/1,38.3,88,288.1
2026-09-01,293,dings,NL,179.0,+23.2,155/265/2,37.0,168,256.2
2026-09-01,294,FBI,AU,178.2,+12.7,140/197/1,41.6,139,279.9
2026-09-01,295,Daverave,ZZ,177.6,15,40/61/2,39.8,71,285.0
2026-09-01,296,WIAmDream,EG,177.3,12,35/56/0,38.5,63,271.0
2026-09-01,297,Miss Elida,US,176.9,1,332/332/2,50.0,260,196.9
2026-09-01,298,Lucky Hands,NL,176.9,1,34/43/0,44.2,61,250.8
2026-09-01,299,Forestman,NL,175.2,-10.6,47/39/2,54.5,66,161.8
2026-09-01,300,RLo,ZZ,173.7,3,30/10/0,75.0,30,74.6
2026-09-01,301,Crazydoctor,GR,173.2,15,29/36/0,44.6,55,249.4
2026-09-01,302,FalseAlarm,AU,172.9,+11.9,52/78/3,40.2,87,303.2
2026-09-01,303,xap,AU,171.2,-4.3,13/14/0,48.1,22,136.2
2026-09-01,304,Al Hakeem,FR,170.5,-24.7,121/152/0,44.3,146,246.9
2026-09-01,305,RadicalLibre,DO,170.1,+9.4,39/48/0,44.8,57,179.0
2026-09-01,306,Player4992-eri,ZZ,168.6,+4.1,26/31/1,45.7,43,184.9
2026-09-01,307,Francisco,ES,168.4,1,26/40/3,39.9,55,271.7
2026-09-01,308,RickyBobby,ZZ,167.6,-3.8,61/90/1,40.5,112,230.0
2026-09-01,309,Players,ZZ,166.5,+33.7,165/255/0,39.3,187,247.3
2026-09-01,310,Zman,US,165.2,-10.9,30/57/1,34.7,66,296.1
2026-09-01,311,queensbury,US,164.3,-8.1,86/124/4,41.1,126,255.2
2026-09-01,312,Clown,WF,164.0,+13.4,112/220/3,33.9,179,275.4
2026-09-01,313,Cut Killah,FJ,161.8,+58.4,27/62/1,30.6,60,312.8
2026-09-01,314,nickoriginal,GR,160.6,+1.2,90/147/5,38.2,140,288.9
2026-09-01,315,Ready Player One,US,160.4,-20.4,151/260/0,36.7,176,248.7
2026-09-01,316,schive24,US,158.0,+8.7,54/91/1,37.3,83,263.6
2026-09-01,317,Snoi,ZZ,157.7,3,145/270/6,35.2,187,252.4
2026-09-01,318,Bibbs22,DE,157.6,9,83/144/0,36.6,113,247.4
2026-09-01,319,Chrigel,CH,156.8,+1.5,45/36/0,55.6,61,124.6
2026-09-01,320,Edinisback,BA,155.4,1,8/16/0,33.3,19,326.9
2026-09-01,321,RasmusVJ,DK,155.4,-52.8,126/208/7,38.0,153,158.9
2026-09-01,322,fred77,IR,155.1,-1.9,256/410/2,38.5,251,282.1
2026-09-01,323,json,US,152.1,11,29/47/0,38.2,57,238.1
2026-09-01,324,Kandoruus,ZZ,150.6,-13.2,38/72/3,35.0,85,244.6
2026-09-01,325,SHARK,ZZ,150.2,-23.5,71/161/2,30.8,124,312.3
2026-09-01,326,fazi,AT,149.9,+8.9,32/55/2,37.1,64,273.4
2026-09-01,327,alextrip,GR,149.6,6,87/147/3,37.3,131,311.6
2026-09-01,328,funambulista_ka,ZZ,149.1,-57.1,119/246/5,32.8,165,304.7
2026-09-01,329,Lavish,US,147.2,1,9/12/1,43.2,16,171.7
2026-09-01,330,Generalinfo,US,142.9,-3.9,57/122/1,31.9,106,295.5
2026-09-01,331,guib543,BE,139.4,+9.7,31/43/1,42.0,60,237.4
2026-09-01,332,agatharhidis,GR,139.4,-10.0,97/191/0,33.7,150,308.8
2026-09-01,333,teacup,ZZ,139.3,14,128/201/1,38.9,141,258.1
2026-09-01,334,trintingnant,AG,136.5,-15.2,60/159/1,27.5,132,268.9
2026-09-01,335,ChefGRD,US,133.8,+10.6,141/199/1,41.5,150,232.5
2026-09-01,336,Loumand,DK,131.8,1,60/102/1,37.1,106,291.0
2026-09-01,337,Pirate,NL,128.6,-5.2,6/15/0,28.6,21,222.7
2026-09-01,338,vicksburg,US,126.2,1,11/17/0,39.3,25,202.6
2026-09-01,339,Tyto Alba,IT,124.2,+10.8,293/539/3,35.3,225,305.2
2026-09-01,340,That’s Marvelous,ZZ,123.9,+4.4,75/119/3,38.8,121,246.2
2026-09-01,341,commander bob,US,122.4,1,32/45/0,41.6,57,192.6
2026-09-01,342,ZKNark,AX,122.0,2,47/41/0,53.4,62,129.1
2026-09-01,343,Vodrake,GB,118.8,5,15/21/0,41.7,27,225.4
2026-09-01,344,Mello,IT,117.8,+24.4,190/379/0,33.4,220,272.5
2026-09-01,345,iwikilu,US,117.7,+32.4,34/102/1,25.2,104,220.5
2026-09-01,346,Colonel Trautman,ES,117.2,3,95/125/3,43.3,123,205.0
2026-09-01,347,Sunnymaster,ZZ,114.9,20,8/15/0,34.8,19,284.4
2026-09-01,348,Gecko,CA,112.5,27,3/20/0,13.0,20,314.6
2026-09-01,349,Number1Grizzly,US,112.0,15,14/28/0,33.3,38,253.0
2026-09-01,350,inzy,AU,108.9,10,82/109/3,43.0,103,145.7
2026-09-01,351,MISA,ZZ,108.4,1,35/66/0,34.7,78,242.5
2026-09-01,352,CNY,US,108.0,-2.8,65/114/4,36.6,110,207.7
2026-09-01,353,Zaz,ZZ,107.8,1,6/16/1,28.3,19,285.8
2026-09-01,354,Yas,FR,104.5,-10.0,15/34/0,30.6,36,247.9
2026-09-01,355,Knightmare Dungeoneers,GB,102.4,+18.0,160/172/5,48.2,152,104.9
2026-09-01,356,Butcherjack,DK,102.3,-4.5,27/50/1,35.3,62,241.9
2026-09-01,357,WaltLemonJr,US,98.2,+1.9,61/101/1,37.7,103,246.5
2026-09-01,358,Backyard Game,CA,98.1,15,16/30/0,34.8,37,241.7
2026-09-01,359,BasilTheBatlord,ZZ,96.8,17,13/23/0,36.1,25,221.3
2026-09-01,360,Shivaanoz,BE,95.9,+5.5,108/229/1,32.1,169,268.9
2026-09-01,361,davids,ZZ,92.4,9,6/15/1,29.5,20,245.7
2026-09-01,362,SnazzyT,US,89.0,2,22/50/2,31.1,48,207.7
2026-09-01,363,Kaibs,CA,86.8,1,17/30/0,36.2,39,196.5
2026-09-01,364,Scottf12345,US,86.5,-9.7,43/94/0,31.4,98,267.8
2026-09-01,365,Bodo,DE,80.5,25,7/17/0,29.2,18,215.1
2026-09-01,366,Popolaretti,ZZ,76.1,4,11/24/0,31.4,30,200.8
2026-09-01,367,Dark Lord,US,75.5,+20.4,104/254/4,29.3,135,272.1
2026-09-01,368,jagger314,BR,74.0,+6.2,53/137/0,27.9,102,220.7
2026-09-01,369,narobber,BE,73.9,+10.3,14/26/0,35.0,32,244.7
2026-09-01,370,TheArtfulDodger,CA,73.6,2,27/33/0,45.0,34,134.6
2026-09-01,371,PsychicPi,US,68.2,-2.2,10/14/0,41.7,20,109.5
2026-09-01,372,Darquise,DE,67.3,+31.6,12/37/0,24.5,42,278.0
2026-09-01,373,General Thompson,US,67.3,-16.0,128/225/1,36.3,175,248.8
2026-09-01,374,Rantanplan,ZZ,63.5,4,8/20/0,28.6,24,219.9
2026-09-01,375,StrategoFreund,DE,56.6,-18.1,114/329/1,25.8,204,262.2
2026-09-01,376,Beammeup,US,56.4,-15.7,21/26/2,44.9,30,108.4
2026-09-01,377,Funkybunch,ZZ,54.8,14,247/432/3,36.4,283,222.1
2026-09-01,378,evdog104,PS,54.6,3,38/65/1,37.0,68,198.9
2026-09-01,379,DrEgg777,US,52.2,+52.2,11/33/0,25.0,34,213.8
2026-09-01,380,Doppia D,IT,52.0,1,6/15/0,28.6,18,237.2
2026-09-01,381,widersach,DE,47.9,9,32/49/1,39.6,50,129.5
2026-09-01,382,Vasily Tukhachevsky,RU,46.3,28,4/12/1,26.5,14,290.4
2026-09-01,383,Knoway,ZZ,44.8,18,12/29/0,29.3,28,211.0
2026-09-01,384,TanKHuntER,US,42.4,-7.9,10/26/0,27.8,35,213.6
2026-09-01,385,ACWilhelm,US,41.8,3,9/30/1,23.8,31,239.7
2026-09-01,386,lirussy,ZZ,41.2,14,8/19/0,29.6,23,172.6
2026-09-01,387,Spoon,US,41.0,17,12/33/0,26.7,32,196.9
2026-09-01,388,Snaketaco,US,39.8,6,17/51/0,25.0,50,185.4
2026-09-01,389,ECfnW,NL,33.6,-10.3,41/103/1,28.6,74,112.4
2026-09-01,390,Mervyn10,PY,33.4,21,13/86/0,13.1,58,188.3
2026-09-01,391,Bram,BE,32.9,+9.8,56/242/1,18.9,134,335.9
2026-09-01,392,Longshanks,ZZ,32.9,6,6/16/0,27.3,18,240.4
2026-09-01,393,honda08,GR,30.5,3,8/28/1,23.0,30,234.0
2026-09-01,394,JeromeV,ZZ,30.3,-8.2,12/23/1,34.7,30,162.7
2026-09-01,395,Arwad,ZZ,30.3,-4.9,2/25/1,8.9,25,252.7
2026-09-01,396,killersuv,ZZ,25.6,7,4/17/0,19.0,18,152.2
2026-09-01,397,TWFanClub,US,25.5,23,13/69/0,15.9,58,303.3
2026-09-01,398,Rev MD,US,25.3,7,2/10/0,16.7,12,205.4
2026-09-01,399,PuffyChickenlegs,US,24.7,21,11/47/0,19.0,40,202.7
2026-09-01,400,TheFatFox,US,24.5,4,8/21/0,27.6,24,212.5
2026-09-01,401,Jesse22,NL,24.0,9,5/33/0,13.2,35,212.5
2026-09-01,402,Winx,ZZ,23.2,-9.9,25/82/0,23.4,67,305.8
2026-09-01,403,Davmholms,US,22.9,+15.0,89/244/2,26.9,153,242.4
2026-09-01,404,FischC,US,18.8,1,26/96/0,21.3,75,259.2
2026-09-01,405,Llamma,US,17.7,+1.7,3/22/0,12.0,24,187.4
2026-09-01,406,SpaceCowboy,US,16.4,2,9/21/1,30.6,30,152.4
2026-09-01,407,Hieratic,RS,15.8,9,18/60/0,23.1,58,265.4
2026-09-01,408,breizh,FR,12.4,10,6/30/1,17.6,34,263.9
2026-09-01,409,Karatekapro15,ES,11.7,1,11/30/0,26.8,33,187.3
2026-09-01,410,Wolfler,US,10.8,15,3/16/0,15.8,17,312.7
2026-09-01,411,Heinrich Khunrath,BQ,8.7,18,6/20/0,23.1,22,184.6
2026-09-01,412,Boule,DE,8.4,13,9/28/0,24.3,26,203.1
2026-09-01,413,Coulomb,ZZ,8.0,-7.2,13/46/1,22.5,47,224.2
2026-09-01,414,new,US,6.4,1,6/19/0,24.0,20,138.8
2026-09-01,415,ntgnewbie,US,4.2,1,12/58/0,17.1,57,241.8
2026-09-01,416,edges,CH,2.6,1,10/34/1,23.3,40,212.4
2026-09-01,417,Speedbags,US,2.5,1,5/32/0,13.5,28,184.2
2026-09-01,418,anti mantice,GB,1.5,17,4/21/0,16.0,23,232.3
2026-09-01,419,ComplyOrDie,GB,0.4,1,4/41/0,8.9,29,233.1
2026-09-01,420,Epitaph,ZZ,0.1,8,8/17/0,32.0,20,127.5
